kata1,kata2,relasi
berdasar,berasas,sinonim
kelompok,pusu,sinonim
ragu-ragu,rambang,sinonim
penasihat,paranpara,sinonim
ajaib,gaib,sinonim
bangga,dabik dada,sinonim
setuju,angguk,sinonim
beli,bayar,sinonim
bakul,jangkih,sinonim
ilmu,rakyu,sinonim
jelas,transparan,sinonim
susah,kekurangan,sinonim
waspada,was-was,sinonim
gelisah,risau,sinonim
sapai,sapai-sapai,sinonim
hukum,syairat,sinonim
celah,gap,sinonim
berlipat-lipat,bertumpuk,sinonim
kemarahan,nafsi,sinonim
binal,keras kepala,sinonim
menghantam,gebok,sinonim
masih,bersisa,sinonim
bijak,bijaksana,sinonim
menggadaikan,menyandakan,sinonim
menyembelih,zabah,sinonim
dalang,tukang cerita,sinonim
beralih,bersilih,sinonim
kemauan,dambaan,sinonim
menirukan,mengimak,sinonim
memperbaiki,memenda,sinonim
hendak,palar,sinonim
mendekam,berpingit,sinonim
guna,guna-ganah,sinonim
berjajar,bertatai-tatai,sinonim
galak,menggelorakan,sinonim
bersandar,berpedoman,sinonim
contoh,ilustrasi,sinonim
bercadar,berjubah,sinonim
jahat,biadab,sinonim
bertubi-tubi,tuji,sinonim
melaksanakan,memperbandingkan,sinonim
merangkak,berangsur,sinonim
kenamaan,masyhur,sinonim
amin,mengabulkan,sinonim
berbicara,beroperasi,sinonim
rendah,candala,sinonim
iri,sirik,sinonim
berdebat,beranggar pikiran,sinonim
dingin,tebal telinga,sinonim
gelisah,berusuh,sinonim
beban,muatan,sinonim
membelakangi,deponir,sinonim
elang,elang malam,sinonim
tersengal-sengal,kempul,sinonim
kekekalan,abadiah,sinonim
benteng,tambak,sinonim
merendam,celup,sinonim
bandel,degil,sinonim
fosil,bangkai,sinonim
baginda,paduka tuan,sinonim
keuntungan,maslahat,sinonim
senyum,senyuman,sinonim
aduk,mengaduk,sinonim
seru,gempar,sinonim
likas,ruing,sinonim
berlarian,kocar-kacir,sinonim
kesukaan,keriangan,sinonim
mencolok,intens,sinonim
terusan,gorong-gorong,sinonim
bantuan,servis,sinonim
alokasi,kuota,sinonim
guru,pemelihara,sinonim
bengkok,cengkok,sinonim
membentangkan,membuntangkan,sinonim
merendahkan,memunggungi,sinonim
daging,uci-uci,sinonim
bawahan,kaki tangan,sinonim
abdi,dayang,sinonim
dahsyat,azmat,sinonim
perkauman,persukuan,sinonim
langgar,bandarsah,sinonim
napal,ampo,sinonim
aset,emas perak,sinonim
kilat,gerlap,sinonim
bangga,agul,sinonim
bocor,berburai (rahasia),sinonim
syair,sair,sinonim
bertaburan,berjebai,sinonim
menggunting,mencatut,sinonim
berpegangan,saling memegang,sinonim
hipotesis,presumsi,sinonim
memperkuat,bina,sinonim
mengikhtisarkan,meringkas,sinonim
jungkat-jungkit,unggat-unggit,sinonim
penjelasan,interpretasi,sinonim
kapal,safinah,sinonim
buka,singkap,sinonim
menyangkut,cantol,sinonim
mbak,mbakyu,sinonim
alpa,cuai,sinonim
penderita,pesakit,sinonim
kesendirian,alienasi,sinonim
telegram,surat kawat,sinonim
lipan,halipan,sinonim
memburu,melalah,sinonim
kategori,golongan,sinonim
memandang,merenung,sinonim
wortel,bortel,sinonim
pengairan,tali air,sinonim
mencetak,menera,sinonim
menggulingkan,merebahkan,sinonim
biennale,bienial,sinonim
roh,nyawa,sinonim
trinil,kedidi,sinonim
banyak,mumbung,sinonim
agaknya,gaya-gayanya,sinonim
endoderm,entoderm,sinonim
ekspresi,air muka,sinonim
melembek,menyurut,sinonim
bangun,jaga,sinonim
menamatkan,basmi,sinonim
berkilap,berkilap-kilap,sinonim
ratus,dupa,sinonim
menyangkut,menyatu,sinonim
senyap,lengang,sinonim
kekasih,biji mata,sinonim
untuk,sudah,sinonim
peron,serambi,sinonim
berkamuflase,bertedengan,sinonim
mengenai,makan,sinonim
petunjuk,firasat,sinonim
selokan,siring,sinonim
pemanis,aksesori,sinonim
berantakan,kocar-kacir,sinonim
istilah,terma,sinonim
busuk,usang,sinonim
memerlukan,minta,sinonim
baju,gamis,sinonim
skematis,ilustratif,sinonim
kekuasaan,kuku,sinonim
emosi,kalbu,sinonim
yayasan,wakaf,sinonim
bayung,bedama,sinonim
demam,palak,sinonim
pemikir,budayawan,sinonim
usung,menyundut,sinonim
sungguh-sungguh,bersungguh-sungguh,sinonim
mustahil,lengkara,sinonim
petik,bedol,sinonim
menindih,melindas,sinonim
memaki,damprat,sinonim
menggenang,bertakung,sinonim
tergerai,tergerai-gerai,sinonim
satuan,barisan,sinonim
deretan,rentetan,sinonim
skema,sekema,sinonim
langkah,sepak terjang,sinonim
pemotong,penyembelih,sinonim
jalan,sarana,sinonim
melimpah,meluap,sinonim
penggabungan,sintesis,sinonim
sampai,berbatas,sinonim
berhenti,teduh,sinonim
menjelaskan,agak-agih,sinonim
menginjak,irik,sinonim
senang,ringan,sinonim
menyebabkan,mendatangkan,sinonim
menyusahkan,gaduh,sinonim
berhenti,berjeda,sinonim
lemon,sekuas,sinonim
cerai,pisah,sinonim
erot,bengot,sinonim
pukulan,bogem mentah,sinonim
ganti,bertukar,sinonim
berpawai,berdefile,sinonim
gong,canang besar,sinonim
keharuan,keterharuan,sinonim
mintak,kendit,sinonim
lembah,lembang,sinonim
alias,nama panggilan,sinonim
menghabiskan,basmi,sinonim
kecolongan,kecurian,sinonim
tergenang,terlimpas,sinonim
dungu,bangang,sinonim
tunarungu,congek,sinonim
bergaung,bersipongang,sinonim
tokoh,sosok,sinonim
malang,apes,sinonim
dana,devisa,sinonim
tertusuk,tercucuk,sinonim
bejana,pispot,sinonim
fakta,hakikat,sinonim
memberontak,berontak,sinonim
meneliti,becermin,sinonim
ketertarikan,kohesi,sinonim
belasungkawa,duka cita,sinonim
siklus,peredaran,sinonim
bakul,besek,sinonim
dorongan,tolakan,sinonim
proteksi,penjagaan,sinonim
berudu,anak katak,sinonim
licin,timpas,sinonim
mencegah,menyangkak,sinonim
peniru,imitator,sinonim
harta,reta,sinonim
alasan,dalih,sinonim
jenis,fraksi,sinonim
habis,gugur,sinonim
secukupnya,seadanya,sinonim
koran,kertas kabar,sinonim
mengenakkan,menyenangkan,sinonim
gembar-gembor,memekik-mekik,sinonim
hujat,umpat,sinonim
menenangkan,meneduhkan,sinonim
berpotongan,silang selisih,sinonim
berhubungan,berangkaian,sinonim
hobi,kesukaan,sinonim
menjorok,menjuru,sinonim
karena,tegal,sinonim
menggemparkan,menghirukkan,sinonim
penyiar,angkasawan,sinonim
bersenandung,merengeng-rengeng,sinonim
broker,calo,sinonim
spontanitas,keserentakan,sinonim
tapus,menapus,sinonim
kesepakatan,konsensus,sinonim
bertarung,bergontok,sinonim
suksesi,alternasi,sinonim
kaidah,kanun,sinonim
buruk,berkarat,sinonim
tradisional,konvensional,sinonim
warna-warni,berwarna-warna,sinonim
menentukan,menghadkan,sinonim
berkas,cercah,sinonim
berlumur,lumur,sinonim
kualat,kasiku,sinonim
tabung,kelongsong,sinonim
pasukan,gerombolan,sinonim
mendesir,meresik,sinonim
nyata,jali,sinonim
berkelanjutan,berekor-ekor,sinonim
bersih,lurus hati,sinonim
cantik,adiwarna,sinonim
ramalan,palmistri,sinonim
mencaplok,aneksasi,sinonim
menilai,membiji,sinonim
keimanan,religiositas,sinonim
penuh,peres,sinonim
menyelesaikan,menjernihkan,sinonim
mendudukkan,mempertunangkan,sinonim
merenungkan,mengheningkan,sinonim
cap,impresi,sinonim
gairah,antusiasme,sinonim
terdampar,kandas,sinonim
menegakkan,mencacakkan,sinonim
berpacaran,berkasih-kasihan,sinonim
makelar,cengkau,sinonim
canggih,celomes,sinonim
condong,sendeng,sinonim
abai,teledor,sinonim
penyusutan,depresiasi,sinonim
bertahan,bersikeras,sinonim
sehingga,singga,sinonim
meniatkan,mengasadkan,sinonim
ajaran,kanon,sinonim
baca,mendeteksi,sinonim
bertanding,menyaingi,sinonim
congek,budeg,sinonim
menekan,membenamkan,sinonim
bercakap-cakap,bermulut,sinonim
bersih,ihram,sinonim
teladan,patron,sinonim
pijar,pijar-pijar,sinonim
pengoperasian,pengaktifan,sinonim
penambahan,akumulasi,sinonim
isak,bersedu-sedu,sinonim
seutuhnya,semenggah-menggah,sinonim
jika,bila,sinonim
ribut,amuk,sinonim
bersama-sama,rantam,sinonim
tajam,menyembilu,sinonim
bersandar,bersangga,sinonim
mengenakan,memperdayakan,sinonim
terang,tersurat,sinonim
beralih,menyimpang,sinonim
spirit,atma,sinonim
mencuat,coang,sinonim
kontroversi,prahara,sinonim
perjamuan,walimah,sinonim
turunan,pertinggal,sinonim
cangkir,mangkuk,sinonim
bersemuka,bertatap muka,sinonim
yahwe,yehova,sinonim
tragedi,petaka,sinonim
jasa,amal,sinonim
dinding,pagar,sinonim
dungu,bambung,sinonim
terbuang,batil,sinonim
halaman,pagina,sinonim
sangat,sungguh,sinonim
menghalau,mengincitkan,sinonim
canggih,banyak bicara,sinonim
mengurusi,menguruskan,sinonim
menonjol,mencolok,sinonim
afirmasi,isbat,sinonim
menceburkan,mencempungkan,sinonim
cara,jalan,sinonim
petunjuk,tip,sinonim
pendapat,gagasan,sinonim
variabel,peubah,sinonim
tengah,sentral,sinonim
sayu,kuyu,sinonim
menyerupai,bagaikan,sinonim
menenteng,tenteng,sinonim
taruhan,celengan,sinonim
apabila,misalnya,sinonim
kompromi,titik temu,sinonim
melalaikan,mengalpakan,sinonim
teman,sobat,sinonim
jalal,izzah,sinonim
asas,kode etik,sinonim
rintangan,usikan,sinonim
pemberian,ganjar,sinonim
gagak,burung dandang,sinonim
dakar,degil,sinonim
pesantren,pesantrian,sinonim
paparan,curaian,sinonim
kritik,apresiasi,sinonim
sepasang,serasi,sinonim
borok,tukak,sinonim
tujuan,kemauan,sinonim
bibit,tunas,sinonim
pengorganisasian,mobilisasi,sinonim
bercucuran,menggabak,sinonim
harum,terpuji,sinonim
beralasan,berargumentasi,sinonim
bodoh,pendek akal,sinonim
analisis,kajian,sinonim
alinea,perenggan,sinonim
organisasi,perhimpunan,sinonim
kempot,kempung,sinonim
alas,bantal,sinonim
indeks,senarai,sinonim
karabin,terkul,sinonim
melahap,geramus,sinonim
amplop,pembungkus surat,sinonim
sulung,manggala,sinonim
asrama,barak,sinonim
belajar,menuntut ilmu,sinonim
tawar,hampa,sinonim
peremajaan,alih generasi,sinonim
cabut,membantun,sinonim
hibah,peragih,sinonim
keputusan,ikhtisar,sinonim
buncit,besar perut,sinonim
mayang,sunbulat,sinonim
serok,cedok,sinonim
merana,tercedera,sinonim
serbuan,bidasan,sinonim
hati,manah,sinonim
ketentuan,ordinasi,sinonim
propaganda,dakyah,sinonim
seimbang,berbanding,sinonim
mantra,tuju,sinonim
asal,benih,sinonim
ampuh,mangkus,sinonim
sak,syak,sinonim
memperindah,membungai,sinonim
berselingkuh,bermuda,sinonim
menyodok,merogol,sinonim
pasir,bijih,sinonim
firasat,faal,sinonim
bertarung,beranggar lidah,sinonim
luhur,mahardika,sinonim
bagus,calak,sinonim
serpih,cempek,sinonim
ada,benar,sinonim
menyembunyikan,ondok,sinonim
gemuruh,deru,sinonim
memperdaya,memperdayakan,sinonim
sikap,gerak-gerik,sinonim
berkilau,mengilap,sinonim
geram,gondok,sinonim
gerak,garit,sinonim
cagar,uang muka,sinonim
meragam,berlagu,sinonim
berdamai,bertenggang,sinonim
jambul,kucir,sinonim
resin,damar,sinonim
etiket,bersusila,sinonim
ringkasan,saduran,sinonim
berdarah,berpembawaan,sinonim
sumbangan,hibah,sinonim
asusila,dursila,sinonim
supernatural,eksesif,sinonim
menyimpulkan,merumuskan,sinonim
tiruan,duplikat,sinonim
filtrasi,penyeleksian,sinonim
dari,ketimbang,sinonim
bibi,bik,sinonim
hina,disakiti,sinonim
penangkapan,resepsi,sinonim
janur,daun kelapa muda,sinonim
menumpas,memunahkan,sinonim
bangsat,pijat-pijat,sinonim
meraung,berdengung,sinonim
godam,penggodam,sinonim
menenangkan,menyejukkan,sinonim
perintang,penyakat,sinonim
tiang,sendi,sinonim
membunuh,memutus,sinonim
bercak,telau,sinonim
kusut,cerai-berai,sinonim
habis,sesudah,sinonim
melayang,mengambang,sinonim
canggung,gabir,sinonim
janda,munib,sinonim
kreativitas,daya cipta,sinonim
bersedia,bersiap,sinonim
ibu,mbok,sinonim
lihat,penggabungan,sinonim
garansi,runggu,sinonim
cucuran,kucur,sinonim
positif,eksplisit,sinonim
ejek,mengecimus,sinonim
dominion,(daerah) jajahan,sinonim
benih,benur,sinonim
anu,si dia,sinonim
kecongkakan,ketinggian hati,sinonim
merana,terhengit-hengit,sinonim
rumpun,perdu,sinonim
pacar,biji mata,sinonim
atas,berlandaskan,sinonim
menutup,menyudahi,sinonim
sanggul,konde,sinonim
berbaring,bergulingan,sinonim
dubur,lubang pantat,sinonim
berandal,penyerobot,sinonim
berkas,susunan,sinonim
empuk,kendur,sinonim
basah,benyek,sinonim
keelokan,elegansi,sinonim
melaporkan,meraporkan,sinonim
rabaan,gerayangan,sinonim
ketulusan,keikhlasan,sinonim
reportase,pewartaan,sinonim
keguncangan,kegoyangan,sinonim
ambal,mengambal,sinonim
param,balur,sinonim
bodoh,odoh,sinonim
sembelih,debah,sinonim
tertatih-tatih,mungut,sinonim
menyangkal,menyalahi,sinonim
pesona,penggering,sinonim
perhimpunan,jamiah,sinonim
mengoles,melumas,sinonim
berantakan,awut-awutan,sinonim
mangkuk,cawan,sinonim
perusuh,peribut,sinonim
kaya,tebal kantong,sinonim
fitrah,kesucian,sinonim
bina,menasihati,sinonim
memetik,capai,sinonim
gendut,belendung,sinonim
bersisik,berjangat,sinonim
menawarkan,menetralkan,sinonim
bulat,jangap,sinonim
lambang,duaja,sinonim
lenyap,lelap,sinonim
lapuk,makan bubuk,sinonim
cair,lumer,sinonim
sejajar,seleret,sinonim
ulang,alik,sinonim
kecut,ciut,sinonim
kudapan,makanan kecil,sinonim
keributan,keonaran,sinonim
cekal,mengerkau,sinonim
merusakkan,merompak,sinonim
tanda,tengara,sinonim
gemar,damba,sinonim
berkedok,menyaru,sinonim
meramal,menujum,sinonim
datang,menjeru,sinonim
berkecukupan,cogah,sinonim
boling,bola gelinding,sinonim
membuat,me-,sinonim
gentar,keder,sinonim
menyesali,mengambinghitamkan,sinonim
cacat,wiring,sinonim
otomatisasi,mekanisasi,sinonim
reputasi,nama baik,sinonim
aloi,lakur,sinonim
lintasan,trek,sinonim
capai,menggenggam,sinonim
perkutut,ketitir,sinonim
gembar-gembor,mendengungkan,sinonim
menurut,bersambutan,sinonim
kait,penggait,sinonim
mimbar,tribune,sinonim
pupus,daun muda,sinonim
budi,jalan usaha,sinonim
perancah,rancah,sinonim
kelak,kudian,sinonim
sementara,fana,sinonim
huru-hara,turbulensi,sinonim
hubungan,sangkutan,sinonim
keamanan,ketenteraman,sinonim
mencangkup,cangkup,sinonim
induk,sari,sinonim
berselaput,bersalut,sinonim
lingkup,spektrum,sinonim
berkas,gepok,sinonim
bedak,param,sinonim
memfitnah,menggunjing,sinonim
menenggelamkan,rendap,sinonim
mendefinisikan,menakrifkan,sinonim
menimbang-nimbang,memadan-madan,sinonim
bertapa,bertarak,sinonim
berputar-putar,berselirat,sinonim
camping,caing,sinonim
sketsa,bagan,sinonim
pion,begundal,sinonim
galau,semak hati,sinonim
karyawan,fungsionaris,sinonim
paleolitikum,zaman batu tua,sinonim
mengenai,perihal,sinonim
desain,tata,sinonim
menghaluskan,melembutkan,sinonim
menjangkau,menggayuk,sinonim
bersih,rela,sinonim
akibat,khatimah,sinonim
negeri,kesultanan,sinonim
prospek,kans,sinonim
kesamaan,munasabah,sinonim
ordo,genus,sinonim
gampang,mencebikkan,sinonim
berdiskusi,berbahasan,sinonim
mendengarkan,mengindahkan,sinonim
menyegerakan,menggegas,sinonim
menetapkan,menunjuk,sinonim
tamat,binasa,sinonim
hakam,pengantara,sinonim
giat,menyulut,sinonim
sekam,pesak,sinonim
memohon,berdatang sembah,sinonim
memandang,menatap,sinonim
terminal,setopan,sinonim
gili,menggelikan,sinonim
terlihat,tertampak,sinonim
berkelana,melabang,sinonim
perompak,lanun,sinonim
rancu,campur aduk,sinonim
penciptaan,reka cipta,sinonim
penghargaan,takrim,sinonim
mangga,mempelam,sinonim
menyampaikan,mengadukan,sinonim
meremehkan,mencapak,sinonim
situ,kian,sinonim
sisi,samping,sinonim
menyasar,bidik,sinonim
bertaburan,bepercikan,sinonim
pemarah,pemberang,sinonim
lembaga,adat,sinonim
bercerai-berai,bertemperasan,sinonim
hening,lut,sinonim
cukup,lengkap,sinonim
jaja,menggalas,sinonim
kuar,kuak,sinonim
kredit,swagriya,sinonim
memelopori,introduksi,sinonim
menggeliat,mengolet,sinonim
tenggorok,rakungan,sinonim
gerbang,portal,sinonim
kepayahan,kejerihan,sinonim
intelektual,cendekiawan,sinonim
halangan,batu penarung,sinonim
dedengkot,biang (keladi),sinonim
meletup,menjetis,sinonim
ingat-ingat,camkan,sinonim
buntu,pepet,sinonim
mendasarkan,mengasaskan,sinonim
pemindahan,pemboyongan,sinonim
keinginan,kehendak,sinonim
permusuhan,konfrontasi,sinonim
serasah,cegar,sinonim
rebus,merebus,sinonim
ancam,menggerantang,sinonim
menancap,hunjam,sinonim
damar,embalau,sinonim
benar,imbang,sinonim
berlekatan,berlekat-lekat,sinonim
nona,jipro,sinonim
tersembunyi,siluman,sinonim
awut-awutan,kacau-balau,sinonim
habitat,tempat tinggal,sinonim
kufur,ingkar,sinonim
memperbanyak,memperbanyakkan,sinonim
inferior,kelas dua,sinonim
menerobos,terobos,sinonim
terhambat,terabar,sinonim
dunia,benua,sinonim
mengusir,mengincitkan,sinonim
menyebut,mengecap,sinonim
simulasi,bohong-bohongan,sinonim
tertancap,tercocok,sinonim
berpilin,berjalin,sinonim
tani,bertegal,sinonim
rentak,sentak,sinonim
bersukaria,bersenda gurau,sinonim
amit,pengamitan,sinonim
lama,durasi,sinonim
angin,peluang,sinonim
menggiurkan,pincut,sinonim
pemulihan,pengembalian,sinonim
bercirikan,bersifatkan,sinonim
bayu,arus udara,sinonim
berpindah-pindah,berjangkit,sinonim
bidik,incar,sinonim
tertindih,terhempap,sinonim
elok,luwes,sinonim
pelatuk,candit,sinonim
arak,berderet-deret,sinonim
gentar,cuak,sinonim
bengkong,dukun calak,sinonim
membiasakan,mengistiadatkan,sinonim
mempresentasikan,mendemonstrasikan,sinonim
globe,jagat,sinonim
membimbing,emong,sinonim
ilmuwan,jauhari,sinonim
penghapusan,pemansuhan,sinonim
bengkok,lancung,sinonim
edisi,cetakan,sinonim
berakibat,membawa bekas,sinonim
meneliti,mendalami,sinonim
legal,valid,sinonim
dedemit,popokan,sinonim
pelacur,perempuan geladak,sinonim
berkelahi,baku hantam,sinonim
membahas,membantahi,sinonim
badai,terbadai,sinonim
terpuruk,gulir,sinonim
pelengkap,aksesori,sinonim
buletin,berita kilat,sinonim
aktivis,penggerak,sinonim
bercorak,berpola,sinonim
melihat,bidik,sinonim
gambaran,paparan,sinonim
bangkrut,muflis,sinonim
sulit,selit belit,sinonim
kesempatan,keluasan,sinonim
naluri,sifat (bawaan),sinonim
keterampilan,kecekatan,sinonim
mengkal,gregetan,sinonim
lampung,terkatung-katung,sinonim
berada,berkedudukan,sinonim
bercabang,berbiak,sinonim
pesimisme,tasyalim,sinonim
cadel,pelo,sinonim
merintangi,mengaralkan,sinonim
kusta,abras,sinonim
sarapan,makanan (pagi),sinonim
jatuh,mencium tanah,sinonim
luang,senggang,sinonim
tayub,tayuban,sinonim
adik,ari,sinonim
asing,tersisih,sinonim
mengumandangkan,menggembar-gemborkan,sinonim
melayankan,hidang,sinonim
asam,cemberut,sinonim
bergabung,berbaur,sinonim
patut,setimpal,sinonim
basis,panduan,sinonim
bibi,pembantu rumah tangga,sinonim
tiba-tiba,seketika,sinonim
bergeser,bergesek,sinonim
puas,kenyang,sinonim
nala,bernala-nala,sinonim
cemburu,resan,sinonim
berkecukupan,berpunya,sinonim
bertaut,mencantol,sinonim
bertingkat-tingkat,bertajuk-tajuk,sinonim
testimoni,afirmasi,sinonim
tembak-menembak,dor-doran,sinonim
petinju,petarung,sinonim
menjadikan,melahirkan,sinonim
halus,licin,sinonim
sponsor,pengayom,sinonim
bersahabat,berkawan,sinonim
embrio,fetus,sinonim
kepulauan,gugusan pulau,sinonim
berdampak,berbuntut,sinonim
paduan,bancuhan,sinonim
semi,bertunas,sinonim
rencana,hasrat,sinonim
lelah,capai,sinonim
memiliki,punya,sinonim
pemimpi,ilusionis,sinonim
bertaut,mencantel,sinonim
keterkejutan,kekagetan,sinonim
berjiwa,berbobot,sinonim
kemampuan,kekuatan,sinonim
berjaya,berdaulat,sinonim
menyeberang,balik gagang,sinonim
berkelahi,berpupuh,sinonim
impas,langsai,sinonim
bakal,sosok,sinonim
bantal,dapra,sinonim
bersandar,beralas,sinonim
rekayasa,implementasi,sinonim
kebablasan,keterusan,sinonim
sinar,nur,sinonim
menyelidiki,resek,sinonim
amal,fitrah,sinonim
berpacaran,bersuka-sukaan,sinonim
berlanjut,berbuntut,sinonim
keuntungan,untung,sinonim
fisik,materi,sinonim
tumor,ketumbuhan,sinonim
tambak,empang,sinonim
lelucon,mop,sinonim
melibas,bantai,sinonim
mengganti,menyilih,sinonim
amuk,haru biru,sinonim
penghematan,penjimatan,sinonim
menangguhkan,mempertangguhkan,sinonim
hamparan,ambal,sinonim
trengginas,gancang,sinonim
aling,mengalingi,sinonim
mencoreng,menjelek-jelekkan,sinonim
bekas,romong,sinonim
teman,lawan,sinonim
sudu,cocor,sinonim
seumpama,andai kata,sinonim
mazhab,tarekat,sinonim
sesuatu,barang,sinonim
bertambah,bertumbuh,sinonim
menginjak,indik,sinonim
jalan,gang,sinonim
segan,ogah-ogahan,sinonim
akibat,sambungan,sinonim
ragam,rukun,sinonim
mengkhayal,mengkhayalkan,sinonim
menyeleweng,menyalah,sinonim
menghantam,catuk,sinonim
kafir,kafarat,sinonim
berkemas,beres-beres,sinonim
retrofleks,kakuminal,sinonim
cari,cahari,sinonim
bena,luar biasa,sinonim
diafragma,sekat rongga badan,sinonim
kepalsuan,keserongan,sinonim
bengal,dugal,sinonim
mencair,luluh,sinonim
bingung,lenyap daratan,sinonim
tingkatan,tahapan,sinonim
simpulan,inferensi,sinonim
titian,jambat,sinonim
bermufakat,bersyarikat,sinonim
deteksi,pengindraan,sinonim
berhamburan,berlompatan,sinonim
daya,tenaga,sinonim
tamasya,bertamasya,sinonim
sadar,insaf,sinonim
berkongsi,berpartner,sinonim
menyedihkan,memprihatinkan,sinonim
hanyut,penyap,sinonim
signifikan,bermakna,sinonim
bersekongkol,bercikun-cikun,sinonim
akan,hadapan,sinonim
setek,menelut,sinonim
cangkul,penggali,sinonim
tokoh,aktivis,sinonim
memukul,embat,sinonim
ustaz,ahli agama,sinonim
keok,ambau,sinonim
mengamini,mengiakan,sinonim
aktif,bergerak,sinonim
pemecahan,separasi,sinonim
ubi,sampa,sinonim
pesta,hajatan,sinonim
kembung,buntal,sinonim
bantam,ayam katik,sinonim
swastanisasi,penswastaan,sinonim
akal,ingatan,sinonim
benar,sungguh,sinonim
berantakan,berselerakan,sinonim
tutup,tangkup,sinonim
menimba,menyauk,sinonim
kecil,ingusan,sinonim
berguling,melereng,sinonim
memainkan,mempertunjukkan,sinonim
pokok,elementer,sinonim
kemelaratan,jurang kehidupan,sinonim
kewajiban,darma,sinonim
siaran,sebaran,sinonim
gempur,melutu,sinonim
perampok,kecu,sinonim
menyukakan,meriakan,sinonim
solok,pesolok,sinonim
menungging,menjengking,sinonim
elegi,doa sanjung,sinonim
bangat,lajak,sinonim
termuda,terbelakang,sinonim
busung,belendung,sinonim
ragu,pikiran bercabang,sinonim
keserakahan,kelobaan,sinonim
tekan,menyedikitkan,sinonim
gebuk,meremas bibir,sinonim
banjar,deret,sinonim
hijau,lugu,sinonim
terhambat,terlintang,sinonim
akmal,mahasempurna,sinonim
berserakan,berarak,sinonim
menangkup,merahap,sinonim
melati,puspa bangsa,sinonim
saya,ana,sinonim
berkelahi,pergelutan,sinonim
gemilang,berkilau,sinonim
misbah,cublik,sinonim
bersyukur,berlega hati,sinonim
mengasihani,merahimi,sinonim
cetusan,bunga api,sinonim
garang,kereng,sinonim
kebangkrutan,degenerasi,sinonim
mengejang,spastik,sinonim
menggondol,gonggong,sinonim
gendang,gulung,sinonim
klasifikasi,penjenisan,sinonim
selang,pause,sinonim
kenang-kenangan,reminisensi,sinonim
duka,kusut muka,sinonim
pincang,gempor,sinonim
minyak,samin,sinonim
malu-malu,takut-takutan,sinonim
se-,seturut,sinonim
kejelekan,borok,sinonim
membagi,mengagih,sinonim
bertabiat,berakhlak,sinonim
hampir,parak,sinonim
keterampilan,vak,sinonim
hablur,bersinar-sinar,sinonim
repot-repot,pusing-pusing,sinonim
permintaan,doa,sinonim
sintal,gempal,sinonim
pengertian,tanggapan,sinonim
mengaduk-aduk,awut,sinonim
termasuk,terikut,sinonim
isu,gunjingan,sinonim
ransum,ruji,sinonim
dataran,ranah,sinonim
menunggu,menanti,sinonim
beduk,nakara,sinonim
berkesempatan,berpeluang,sinonim
campak,baling,sinonim
talas,lompong,sinonim
bekas,bakat,sinonim
derek,leret,sinonim
menggalakkan,genjik,sinonim
berjerawat,jerawatan,sinonim
berantas,lenyapkan,sinonim
aplikasi,permintaan,sinonim
bersih,habis,sinonim
kaitan,tautan,sinonim
hina,asfal,sinonim
penunjang,penahan,sinonim
potensi,kesanggupan,sinonim
buyar,bercempera,sinonim
malang,duka,sinonim
khawatir,risi,sinonim
dengkul,bongak,sinonim
sayur,mayur,sinonim
pengepungan,blokade,sinonim
benar,nian,sinonim
surat,suhuf,sinonim
reda,sirep,sinonim
metode,aturan,sinonim
paranormal,bomoh,sinonim
gondok,bengok,sinonim
setimpal,bertimbal,sinonim
disposisi,katebelece,sinonim
penerimaan,perlakuan,sinonim
penyampaian,pengutaraan,sinonim
penerang,pengurai,sinonim
darurat,temporer,sinonim
sepakat,putus kata,sinonim
acuan,rujukan,sinonim
agen,begundal,sinonim
busuk,sangit,sinonim
terkekeh-kekeh,gelekek,sinonim
membiarkan,memerdekakan,sinonim
menerjemahkan,terjemah,sinonim
compang-camping,cuangcaing,sinonim
menelepon,mengebel,sinonim
beringsut,mengingsut,sinonim
realistis,utilitarian,sinonim
tempat,kedudukan,sinonim
menyentil,beri tahu,sinonim
membubarkan,menghapuskan,sinonim
penjaga,reksa,sinonim
huruf,sastra,sinonim
tapung,menapung,sinonim
membinasakan,bantai,sinonim
sajak,persesuaian bunyi,sinonim
meremajakan,memugar,sinonim
melingkar,berpiuh,sinonim
rumpang,ompong,sinonim
saga,babad,sinonim
cermin,teladan,sinonim
gembok,ibu kunci,sinonim
kemu,berkemu,sinonim
menutup,kepung,sinonim
menipu,menggunting,sinonim
kedapatan,menodong,sinonim
berjajar,berlajur,sinonim
penampungan,penghimpunan,sinonim
got,peceren,sinonim
sedikit,ketek,sinonim
jamban,bilik air,sinonim
menghafal,menghafalkan,sinonim
melakukan,melaksanakan,sinonim
melawan,basmi,sinonim
gela,bercelah,sinonim
kekeliruan,kekhilafan,sinonim
melimpah,ruah,sinonim
substitusi,penyilihan,sinonim
berbaring,tengadah,sinonim
penyusunan,penataan,sinonim
kabut,halimun,sinonim
merebut,telan,sinonim
kampung,kolot,sinonim
berjalan,terbang,sinonim
kanji,kapok,sinonim
junjungan,induk semang,sinonim
perempuan,betina,sinonim
berkesudahan,berkeputusan,sinonim
keindahan,keelokan,sinonim
latihan,repetisi,sinonim
buas,angkara,sinonim
memanas,meruncing,sinonim
menungging,menjungkir,sinonim
hadis,sunah,sinonim
segitiga,segitiga takberaturan,sinonim
jujur,cengli,sinonim
rebutan,rayahan,sinonim
ruai,dengkik,sinonim
mata-mata,suluh,sinonim
perahu,sumbuk,sinonim
fantastis,luar biasa,sinonim
bungkal,buah dacin,sinonim
buas,brutal,sinonim
fonem,abc,sinonim
liburan,preinan,sinonim
tersembul,tertonjol,sinonim
pendapat,ingat,sinonim
bukit,gundukan tanah,sinonim
akbar,gala,sinonim
tersendat,cengung,sinonim
gabah,gegabah,sinonim
mengunjungi,menandangi,sinonim
sumbang,someng,sinonim
spesies,bangsa,sinonim
bersandar,berlabuh,sinonim
diskusi,musyawarah,sinonim
homogenitas,kehomogenan,sinonim
berdenyut,berkernyut,sinonim
terburu-buru,tersera-sera,sinonim
berdinding,berbenteng,sinonim
anomali,ketidaknormalan,sinonim
ampuh,berilmu,sinonim
toleransi,tenggang rasa,sinonim
pencurahan,penumpahan,sinonim
kelompok,kelompokan,sinonim
menghabisi,bantai,sinonim
ekstrak,petikan,sinonim
garis,demarkasi,sinonim
berasas,masuk akal,sinonim
liputan,warta,sinonim
edan,sinting,sinonim
menghancurkan,melumatkan,sinonim
pengolahan,penggodokan,sinonim
tanaman,tumbuhan,sinonim
menuju,menuntut,sinonim
kerdil,ceding,sinonim
ikut-ikut,campur tangan,sinonim
izin,restu,sinonim
cabang,badal,sinonim
johan,bahadur,sinonim
induk,emak,sinonim
formalitas,kepatutan,sinonim
menujukan,mengalamatkan,sinonim
berbincang-bincang,berwawanrembuk,sinonim
mengerem,hambat,sinonim
melatih,melampas,sinonim
kecut,geriap,sinonim
mengganggu,meragu,sinonim
berkelompok-kelompok,bertoboh-toboh,sinonim
suvenir,tanda mata,sinonim
berkeinginan,berpretensi,sinonim
kemampuan,efisiensi,sinonim
pemarah,aseran,sinonim
bengkak,bedan,sinonim
anglo,tenggarung,sinonim
hujah,alibi,sinonim
keris,tosan aji,sinonim
mempersoalkan,menyoalkan,sinonim
ulama,malim,sinonim
penyembah,pemuja,sinonim
kurap,jarab,sinonim
agak,sangkil,sinonim
disentri,mejan,sinonim
bubar,berlarian,sinonim
bertarung,beradu mulut,sinonim
bencana,petaka,sinonim
terhukum,interniran,sinonim
puncak,klimaks,sinonim
habitat,persekitaran,sinonim
biasa,lasak,sinonim
alasan,bukti,sinonim
memilah,memisah,sinonim
mengagumkan,gilang,sinonim
paham,doktrin,sinonim
sentral,pumpunan,sinonim
bersih,rapi,sinonim
membatalkan,mengurungkan,sinonim
penjahat,perlenteh,sinonim
sampul,balut,sinonim
derek,kerek,sinonim
pacar,tabo,sinonim
seperti,sebagaimana,sinonim
tinju,jotos,sinonim
kritis,gawat,sinonim
kuda,sembrani,sinonim
kompensasi,ganjar,sinonim
batuk,batu berdahak,sinonim
ciri,identitas,sinonim
muncul,muntup,sinonim
set,muslihat,sinonim
bersama,serentak,sinonim
pengganggu,pengusik,sinonim
pingsan,terbang arwah,sinonim
mengoleskan,melumurkan,sinonim
bawah,kaki (gunung),sinonim
mu,mikrometer,sinonim
bendahara,perdana menteri,sinonim
menjaga,huni,sinonim
pemandangan,penglihatan,sinonim
keperakan,keperak-perakan,sinonim
hukuman,vonis,sinonim
terbuka,tersingkap,sinonim
memicingkan,memicing,sinonim
saputangan,kacu,sinonim
arogan,besar cakap,sinonim
dokumen,manuskrip,sinonim
raung,menggeruh,sinonim
kedewaan,indraloka,sinonim
hemoroid,ambeien,sinonim
sejumlah,bilang,sinonim
usang,bahari,sinonim
menyusupkan,belam,sinonim
terakhir,terbaru,sinonim
menimbulkan,minta,sinonim
lantik,jengkit,sinonim
biadab,lucah,sinonim
rumbai,kumpai,sinonim
festival,pertarungan,sinonim
kuteks,cat kuku,sinonim
antek,begundal,sinonim
burung,ceceh,sinonim
seri,bedo,sinonim
beradab,bersopan santun,sinonim
motif,mata kain,sinonim
pukul,dera,sinonim
panggilan,anjuran,sinonim
ragu-ragu,melewa,sinonim
melipat,membalun,sinonim
menyandarkan,mencagarkan,sinonim
brosur,selebaran,sinonim
mengumpan,mengumpankan,sinonim
merumitkan,merusuhkan,sinonim
menukik,hunjam,sinonim
halus,gemulai,sinonim
menetapkan,meletakkan,sinonim
berbalik,berpaling haluan,sinonim
menghujani,menuangi,sinonim
ponggok,kuntul,sinonim
penerangan,penyigian,sinonim
mengintimidasi,menggertak,sinonim
sisir,garu,sinonim
membenturkan,mengantukkan,sinonim
glamor,kegemerlapan,sinonim
gundik,bini gelap,sinonim
suci,bening,sinonim
menciumi,membaui,sinonim
ambal,babut,sinonim
peziarah,penyadran,sinonim
berkolaborasi,bantu-membantu,sinonim
berkobar,gebu,sinonim
layaknya,rupanya,sinonim
mencentang,debik,sinonim
gejala,kenyataan,sinonim
cari,mencekau,sinonim
terbukti,kenyataan,sinonim
habis,amblas,sinonim
bantah,mendaga,sinonim
aksi,gelagat,sinonim
menjadi-jadi,bernyala-nyala,sinonim
berdoa,bersemadi,sinonim
tindakan,perbuatan,sinonim
beranda,mezanin,sinonim
menurun,berkurangan,sinonim
saban,saben,sinonim
lengah,cabar,sinonim
ekstremis,reaksioner,sinonim
hak,keistimewaan,sinonim
pelet,bujukan,sinonim
pembibitan,pengaderan,sinonim
membuktikan,menandakan,sinonim
ceriwis,banyak cakap,sinonim
relasi,pertalian,sinonim
gila,safih,sinonim
anja,aleman,sinonim
menaiki,mendaki,sinonim
terpisah,tersisih,sinonim
berunding,bermusyawarah,sinonim
tersandung,kesandung,sinonim
bulu,jambak,sinonim
penyisihan,eliminasi,sinonim
lega,senggang,sinonim
isap,serot,sinonim
bermain,berlagak,sinonim
menjunjung,memunjungi,sinonim
membangkitkan,menggugah,sinonim
tega,sampai hati,sinonim
strip,setrip,sinonim
berserakan,porakparik,sinonim
berkedip,berkersip,sinonim
besar,luas,sinonim
drum,tangsa,sinonim
gagasan,buah pikiran,sinonim
pemahat,serimala,sinonim
berbicara,bersuara,sinonim
kacang,botor,sinonim
media,sarana,sinonim
selamat,bahagia,sinonim
seakan-akan,agak-agak,sinonim
introspeksi,muhasabah,sinonim
persengketaan,konkurensi,sinonim
menujukan,menyasarkan,sinonim
bentrok,cekcok,sinonim
tabung,baskom,sinonim
maulid,maulud,sinonim
gemetar,menggeletar,sinonim
reda,mengendur,sinonim
satu-satunya,amung,sinonim
duduk,bertahana,sinonim
berencana,bermaksud,sinonim
tabung,tuba,sinonim
bertemu,berdempak,sinonim
kepentingan,relevansi,sinonim
sedia,mustaid,sinonim
peniru,plagiator,sinonim
bego,lom-pong,sinonim
gembar-gembor,meraung-raungkan,sinonim
eskalator,tangga berjalan,sinonim
pekarangan,jerambah,sinonim
pustaka,lektur,sinonim
ujian,cobaan,sinonim
melejit,lejit,sinonim
membual,meruok,sinonim
pemeriksaan,kontrol,sinonim
sesegera,selekas-lekasnya,sinonim
belek,bedel,sinonim
lem,perekat,sinonim
sulit,tersembunyi,sinonim
belaka,melulu,sinonim
bahadur,gagah berani,sinonim
internasional,mendunia,sinonim
sendiri,swa-,sinonim
bara,bara api,sinonim
merampas,gasak,sinonim
bagai,lir,sinonim
sah,akurat,sinonim
serentak,sinkron,sinonim
berdebat,bersalahan,sinonim
celaka,cialat,sinonim
biji,benih,sinonim
tentang,lorong,sinonim
berlompatan,meretih,sinonim
kaul,rabuk,sinonim
tanggapan,anggapan,sinonim
bercerita,mendongeng,sinonim
meratakan,mencanai,sinonim
memancung,tetak,sinonim
merinding,rinding,sinonim
kebanyakan,awam,sinonim
pertalian,pertambatan,sinonim
benar-benar,mendalam,sinonim
bergaduh,kegemparan,sinonim
anggota,konstituen,sinonim
tenggorok,merih,sinonim
sempurna,salim,sinonim
evakuasi,eksodus,sinonim
berbunga-bunga,bersenang hati,sinonim
ubun-ubun,umbun-umbun,sinonim
berbelit-belit,berjalinan,sinonim
berdebat,bertukar pikiran,sinonim
liburan,vakansi,sinonim
bergerombol,berhimpun,sinonim
jalan,jembatan,sinonim
mengembara,larat,sinonim
kabur,angkat kaki,sinonim
mentraktir,membayari,sinonim
buram,kalis,sinonim
harapan,andalan,sinonim
buntung,langkah kidal,sinonim
laba-laba,galagasi,sinonim
bayu,bodong,sinonim
kerut,kernyit,sinonim
berhamburan,beterbangan,sinonim
apalagi,manalagi,sinonim
zoologi,ilmu hewan,sinonim
berlutut,merahap,sinonim
cawan,pencedok,sinonim
transparan,gambir,sinonim
terpaut,bertikai,sinonim
langka,pelik,sinonim
menolak,mungkir,sinonim
menguntum,terkuntum,sinonim
menginginkan,menghasratkan,sinonim
picis,sepuluh sen,sinonim
pemasangan,pemuatan,sinonim
sugesti,siratan,sinonim
imunitas,keimunan,sinonim
etnis,kedaerahan,sinonim
pot,pispot,sinonim
pemberian,anugerah,sinonim
bunyi,bahana,sinonim
bercanda,berlawak-lawakan,sinonim
potong,sibir,sinonim
perlawanan,pertentangan,sinonim
menyangkut,mencangkel,sinonim
mencegah,defensif,sinonim
lanjutan,sambungan,sinonim
menyumpahi,mencaci maki,sinonim
kelabang,lipan,sinonim
disinfektan,penyuci hama,sinonim
hanyut,berangan-angan,sinonim
bertandang,bertamu,sinonim
kawan,handai,sinonim
merontokkan,meluruhkan,sinonim
cantik,tampan,sinonim
derivat,kata jadian,sinonim
menyeleweng,mendurhakai,sinonim
beranak,babaran,sinonim
menularkan,menjalarkan,sinonim
bergerak,bergiat,sinonim
tembikar,seling,sinonim
berpagut,berlekap,sinonim
pengaruh,terkaman,sinonim
malapetaka,bala bencana,sinonim
cantrik,cekel,sinonim
ugal-ugalan,songong,sinonim
bumi,planet,sinonim
pasukan,ambalan,sinonim
sokongan,derma,sinonim
hina,melatakan,sinonim
meningkat,melaju,sinonim
kuno,bahari,sinonim
menyemaikan,menyuburkan (semangat),sinonim
kadas,mengadas,sinonim
rintik-rintik,rinai,sinonim
sisi,sebelah,sinonim
capit,angkup,sinonim
balas,mengganjar,sinonim
tergesa-gesa,gapah-gopoh,sinonim
terucapkan,terkatakan,sinonim
meringkaskan,mengikhtisarkan,sinonim
meluncurkan,menyelusurkan,sinonim
fasilitas,servis,sinonim
bertaut,mengatup,sinonim
fokus,titip api,sinonim
keruh,dengus,sinonim
menghilangkan,de-,sinonim
terkaan,anggapan,sinonim
anggur,angguran,sinonim
cinta,amor,sinonim
dompet,kisa,sinonim
gerigi,takik,sinonim
balai,pendapa,sinonim
berlabel,beridentitas,sinonim
selubung,tudung lingkup,sinonim
berkelahi,pertikaian,sinonim
menebarkan,camur,sinonim
jabat,jawat,sinonim
meniadakan,memungkiri,sinonim
menjaga,mempertahankan,sinonim
tergeletak,celentang,sinonim
tulisan,sastra,sinonim
beranda,serambi,sinonim
mengumpulkan,mengakumulasi,sinonim
berzikir,bertahmid,sinonim
samurai,belati,sinonim
arif,cerdik,sinonim
beriman,menganut (agama),sinonim
bengal,binal,sinonim
melewati,arung,sinonim
wafat,menarik napas penghabisan,sinonim
mengusik,merintangi,sinonim
berlutut,bersimpuh,sinonim
kapok,kacrek,sinonim
gaji,belanja,sinonim
pelanggan,relasi,sinonim
penipu,kicu,sinonim
becek,berbencah,sinonim
menyusu,mengenyut,sinonim
rangkaian,rantaian,sinonim
habis,tohor,sinonim
menyingkapkan,mendedahkan,sinonim
rombeng,cabik-cabik,sinonim
leukemia,lekemia,sinonim
sesuai,bersuai,sinonim
keganasan,durkarsa,sinonim
memuliakan,memundi-mundi,sinonim
ungkapan,petitih,sinonim
pukulan,sabetan,sinonim
rangkuman,ijmal,sinonim
adikarya,karya agung,sinonim
mendapati,menjumpai,sinonim
menyakiti,menuba,sinonim
mundur,mengundurkan diri,sinonim
kemaluan,alat kelamin,sinonim
ruangan,palka,sinonim
beruntun,beruntun-runtun,sinonim
rahasia,asrar,sinonim
gugu,tergugu-gugu,sinonim
menyatakan,menghamparkan,sinonim
bayan,berandang,sinonim
seiring,bertepatan,sinonim
becek,berselut,sinonim
membuang,geser,sinonim
landasan,tumpuan,sinonim
bang,kanda,sinonim
menghormati,memunjungi,sinonim
intai,menyiasat,sinonim
berkembang,bertumbuh,sinonim
mondar-mandir,julur-julur,sinonim
kesukaran,onak,sinonim
kacau,kalut,sinonim
kecubung,batu mulia,sinonim
bersentuhan,berlantung,sinonim
dapar,bufer,sinonim
jalinan,tautan,sinonim
tertib,atur,sinonim
kubik,mengubik,sinonim
sebentar-sebentar,tempo-tempo,sinonim
menjatuhkan,basmi,sinonim
mengharukan,menyayukan,sinonim
merintangi,mengalangi,sinonim
memanifestasikan,ejawantah,sinonim
mencuat,congol,sinonim
bertikai,bertemu roma,sinonim
kudung,abtar,sinonim
terhimpun,terlonggok,sinonim
pecah,bermula,sinonim
arsitek,kreator,sinonim
bulat,padu,sinonim
penyerapan,absorpsi,sinonim
mengandung,bergelimang,sinonim
cukil,cungkil,sinonim
seremonial,ritualistis,sinonim
gua,gorong-gorong,sinonim
hampa,mengesalkan,sinonim
gol,terlaksana,sinonim
berhadapan,berhadap-hadapan,sinonim
waduk,menara air,sinonim
menyeruput,cerup,sinonim
carik,terbelah,sinonim
luka,cacat,sinonim
gede,gedang,sinonim
menggerus,gerus,sinonim
amsal,umpama,sinonim
akhir,final,sinonim
pendakwah,mubalig,sinonim
merencanakan,merancang,sinonim
sit,desit,sinonim
sedapat-dapatnya,sedapat mungkin,sinonim
barak,tangsi,sinonim
dara,dayang,sinonim
berpola,tertata,sinonim
kepentingan,kegunaan,sinonim
bundaran,belokan,sinonim
demonstrasi,spektakel,sinonim
bila,pada waktu,sinonim
merayu,memelet,sinonim
mengganggu,merembet,sinonim
kusut,berambu-rambu,sinonim
distribusi,porsi,sinonim
mundur,menarik langkah,sinonim
karya,gubahan,sinonim
hina,cemeeh,sinonim
menyerobot,memapas,sinonim
nikmat,lezat,sinonim
nyinyir,calak,sinonim
tungsten,siamang,sinonim
baik,sembuh,sinonim
seks,gender,sinonim
mau,sedia,sinonim
bercanda,bercengkerama,sinonim
membantah,bangkang,sinonim
royal,porah,sinonim
selempang,selimpang,sinonim
transaksi,perundingan,sinonim
menampakkan,dedah,sinonim
sapu,penghapus,sinonim
kecelakaan,kegeruhan,sinonim
meninjau,mewawas,sinonim
intan,berlian,sinonim
persengketaan,perbantahan,sinonim
pesek,dempak,sinonim
bintang,kala,sinonim
pemeriksaan,pengecekan,sinonim
pembantah,dugal,sinonim
daerah,resor,sinonim
peti,gelodok,sinonim
terkejut,kaget,sinonim
berjiwa,bernyawa,sinonim
mitraliur,karabin,sinonim
sebagai,semisal,sinonim
pemupukan,fertilisasi,sinonim
setingkat,sekedudukan,sinonim
netra,alat penglihatan,sinonim
usulan,proposal,sinonim
tambun,tumpuk,sinonim
jarang,terbatas,sinonim
berpagut,berdiam diri,sinonim
tarang,petarangan,sinonim
ya,baiklah,sinonim
bergandengan,bahu-membahu,sinonim
joget,tandak,sinonim
contoh,sampel,sinonim
menobatkan,menjerakan,sinonim
colok,menyadau,sinonim
berdagang,berkedai,sinonim
daerah,dusun,sinonim
bao,duda,sinonim
mengatasi,mendominasi,sinonim
tersangkut,tersangsang,sinonim
ekstrem,eksesif,sinonim
adat,etiket,sinonim
berakal,berpengetahuan,sinonim
berjuang,bertempur,sinonim
bagus,bisai,sinonim
substitusi,penyulihan,sinonim
campak,balang,sinonim
acuan,cetakan,sinonim
keteduhan,keredaan,sinonim
timbel,timah hitam,sinonim
nyaris,tekis,sinonim
bau,basi,sinonim
malah,terlebih,sinonim
berpagutan,berangkulan,sinonim
barang,perlengkapan,sinonim
awalan,anju,sinonim
menari,bertari,sinonim
raja,bidak,sinonim
penyair,penggubah,sinonim
tiket,karcis,sinonim
bengkok,lentur,sinonim
bor,gurdi,sinonim
berwatak,berperangai,sinonim
petambak,petani tambak,sinonim
abnormal,cenangga,sinonim
daya,kuasa,sinonim
mengusir,mengenyahkan,sinonim
tangkas,ekspres,sinonim
merica,sahang,sinonim
meninjau,intip,sinonim
buangan,usiran,sinonim
pendakian,tanjakan,sinonim
telinga,pendengaran,sinonim
cumi-cumi,comek,sinonim
memperistri,menyandingi,sinonim
kehebohan,kecabuhan,sinonim
congkak,melambungkan dada,sinonim
cabul,amoral,sinonim
ketuhanan,rabani,sinonim
terhindar,terkelik,sinonim
meniarap,merahap,sinonim
menggembar-gemborkan,melantamkan,sinonim
penyembah,penyanjung,sinonim
integral,terkonsolidasi,sinonim
semangat,asa,sinonim
mabuk-mabukan,bermabuk-mabukan,sinonim
agen,wakil,sinonim
lentik,jengkit,sinonim
ketinggalan,tunggakan,sinonim
fasih,bacar,sinonim
jawi,dupa,sinonim
kontak,relasi,sinonim
nyata,tedas,sinonim
merangkai,gubah,sinonim
berbahagia,berbesar hati,sinonim
kesesuaian,keselarasan,sinonim
menjelek-jelekkan,memburuk-burukkan,sinonim
ular-ular,ula-ula,sinonim
mengundurkan,memundurkan,sinonim
sejadi-jadinya,sehabis-habisnya,sinonim
arisan,julo,sinonim
pere,perai,sinonim
berusaha,berbisnis,sinonim
sewenang-wenang,biadab,sinonim
menggebu,gebu,sinonim
mengimbangi,menimbangi,sinonim
hitam,bolong,sinonim
rencana,cadangan,sinonim
uzur,bau tanah,sinonim
terbentur,teragung,sinonim
terakhir,pungkasan,sinonim
cewek,anak dara,sinonim
isak,sedu sedan,sinonim
dasar,pribadi,sinonim
mendengarkan,menyimak,sinonim
perbedaan,variasi,sinonim
kebencian,kasemat,sinonim
masam,perat,sinonim
arogan,snobis,sinonim
menggerogoti,mengerokoti,sinonim
agama,ketuhanan,sinonim
kedudukan,takhta,sinonim
hamburan,berlompatan,sinonim
berbincang-bincang,beromong-omong,sinonim
berontak,mendurhaka,sinonim
centil,kenes,sinonim
cahaya,sinar,sinonim
banjir,kayau,sinonim
menggelinjang,geletik,sinonim
berkilauan,merlip,sinonim
menjahit,menyulam,sinonim
simpul,punding,sinonim
rintangan,anca,sinonim
pokok,asal mula,sinonim
berarti,berjasa,sinonim
sia-sia,terbuang,sinonim
bersawah,berpadi,sinonim
berdebar-debar,berdetak-detak,sinonim
administrasi,tata usaha,sinonim
biola,viol,sinonim
menuruti,junjung,sinonim
cetus,mencucuh,sinonim
untung,langkah kanan,sinonim
menghirup,menyerot,sinonim
merapu,emis,sinonim
mengusung,mengarak,sinonim
ikatan,perkumpulan,sinonim
induk,indu,sinonim
materi,gatra,sinonim
pijak,pijak-pijak,sinonim
belahan,serpihan,sinonim
memilin,memelintir,sinonim
aturan,kaidah,sinonim
otoriter,dogmatis,sinonim
katai,katik,sinonim
indah,jamil,sinonim
menggeser,sarut,sinonim
condong,gendeng,sinonim
perbandingan,perumpamaan,sinonim
armada,barisan,sinonim
lekuk,kepuk,sinonim
celuk,merosok,sinonim
menaiki,memanjat,sinonim
basah,demek,sinonim
menyeluruh,berbareng,sinonim
vokal,bunyi,sinonim
menodong,acu,sinonim
pasti,sah,sinonim
gemas,dongkol,sinonim
mengeja,eja,sinonim
pendederan,pengembangbiakan,sinonim
niat,khusyuk,sinonim
perbuatan,polah,sinonim
pukul,hempas,sinonim
berdamai,ucok,sinonim
disentri,buang air darah,sinonim
oyong,ketola,sinonim
saban,saban-saban,sinonim
remuk,redam,sinonim
sebaiknya,selayaknya,sinonim
tidak,ya,antonim
dalam,luar,antonim
dalam,dangkal,antonim
dalam,cetek,antonim
ada,tiada,antonim
ada,tuntas,antonim
lebih,kurang,antonim
saya,engkau,antonim
sudah,mulai,antonim
telah,belum,antonim
banyak,sedikit,antonim
aku,engkau,antonim
aku,kamu,antonim
baik,buruk,antonim
baik,jahat,antonim
baik,cacat,antonim
baik,zalim,antonim
atas,bawah,antonim
salah,betul,antonim
salah,benar,antonim
salah,tepat,antonim
besar,kecil,antonim
sama,serba,antonim
baru,lama,antonim
baru,obsolet,antonim
baru,usang,antonim
sendiri,bergantung,antonim
mungkin,muskil,antonim
setelah,sebelum,antonim
anak,orang tua,antonim
kemudian,menyegerakan,antonim
dunia,akhirat,antonim
pernah,belum,antonim
kota,dusun,antonim
kota,desa,antonim
kota,udik,antonim
kamu,abdi,antonim
kamu,hamba,antonim
mulai,akhir,antonim
mulai,selesai,antonim
mulai,tamat,antonim
bukan,ya,antonim
berada,miskin,antonim
tinggi,rendah,antonim
hidup,mati,antonim
hidup,padam,antonim
hidup,meninggal,antonim
sekarang,purba,antonim
sekarang,dahulu,antonim
kecil,gede,antonim
kecil,agung,antonim
tetap,fana,antonim
tetap,ganti,antonim
langsung,berhenti,antonim
mudah,sulit,antonim
mudah,susah,antonim
mudah,pelik,antonim
mudah,rumit,antonim
mudah,sukar,antonim
wanita,pria,antonim
panjang,pendek,antonim
panjang,ringkas,antonim
panjang,singkat,antonim
masuk,keluar,antonim
lama,sebentar,antonim
lama,sekejap,antonim
lama,aktual,antonim
akhirnya,awalnya,antonim
akhirnya,mulanya,antonim
terus,berhenti,antonim
utama,penunjang,antonim
mau,ogah,antonim
cepat,lambat,antonim
cepat,pelan,antonim
datang,pergi,antonim
datang,berangkat,antonim
datang,berlepas,antonim
berbeda,identik,antonim
kurang,berlebih,antonim
kurang,memadai,antonim
kurang,tambah,antonim
bekerja,anggur,antonim
biasa,istimewa,antonim
biasa,parah,antonim
biasa,hebat,antonim
biasa,unik,antonim
biasa,masyhur,antonim
biasa,aneh,antonim
awal,akhir,antonim
umum,khusus,antonim
umum,tersendiri,antonim
umum,pribadi,antonim
umum,spesial,antonim
umum,khas,antonim
umum,spesifik,antonim
jauh,dekat,antonim
jauh,akrab,antonim
terbaik,terburuk,antonim
depan,belakang,antonim
berhasil,gagal,antonim
sebagian,antero,antonim
ibu,bapak,antonim
ibu,ayah,antonim
kelompok,personal,antonim
kehidupan,kematian,antonim
muncul,tenggelam,antonim
muncul,lenyap,antonim
muncul,sirna,antonim
kualitas,kuantitas,antonim
pasti,teragak-agak,antonim
sementara,kekal,antonim
sementara,abadi,antonim
sakit,fit,antonim
sakit,sehat,antonim
sakit,sembuh,antonim
menarik,membosankan,antonim
menarik,ulur,antonim
menarik,menyorong,antonim
tertentu,acak,antonim
benar,salah ambilan,antonim
benar,keliru,antonim
benar,dusta,antonim
menurut,menentang,antonim
menurut,mendegil,antonim
menurut,bantah,antonim
menurut,bangkang,antonim
asli,asing,antonim
asli,palsu,antonim
asli,tiruan,antonim
asli,imitasi,antonim
asli,artifisial,antonim
asli,fotokopi,antonim
asli,duplikat,antonim
asli,bohong-bohongan,antonim
asli,sintetis,antonim
sosial,pelit,antonim
siswa,guru,antonim
jelas,kabur,antonim
jelas,samar,antonim
jelas,lamat-lamat,antonim
luas,sempit,antonim
negeri,partikelir,antonim
terakhir,terawal,antonim
terakhir,terdahulu,antonim
terakhir,mula,antonim
mengambil,menyimpan,antonim
mengambil,simpan,antonim
mengambil,menitip,antonim
penduduk,pendatang,antonim
tepat,telat,antonim
guru,murid,antonim
menerima,dan menolak,antonim
menerima,menolak,antonim
berat,ringan,antonim
perempuan,laki-laki,antonim
perempuan,laki,antonim
kepala,ekor,antonim
pergi,balik,antonim
pergi,pulang,antonim
suka,benci,antonim
tua,muda,antonim
kuat,soak,antonim
kuat,lemah,antonim
kini,lampau,antonim
kini,silam,antonim
kini,nanti,antonim
tengah,pinggir,antonim
tengah,tepi,antonim
meningkatkan,menurunkan,antonim
memberi,menyita,antonim
jiwa,antusias,antonim
buah,putik,antonim
muda,lanjut,antonim
muda,matang,antonim
muda,masak,antonim
lahir,meninggal,antonim
pengguna,produsen,antonim
karya,pensiun,antonim
tidur,terjaga,antonim
tidur,jaga,antonim
tidur,celik,antonim
tidur,bangkit,antonim
berjalan,berhenti,antonim
berjalan,mandek,antonim
berjalan,stop,antonim
pusat,cabang,antonim
penuh,kosong,antonim
penuh,lengang,antonim
penuh,vakum,antonim
teman,musuh,antonim
pertanyaan,jawaban,antonim
keras,empuk,antonim
otomatis,manual,antonim
belakang,muka,antonim
bermanfaat,percuma,antonim
raja,ratu,antonim
murah,mahal,antonim
bagus,buruk,antonim
bagus,jelek,antonim
bagus,butut,antonim
nasional,internasional,antonim
mati,bernyawa,antonim
sulit,encer,antonim
percaya,curiga,antonim
mahasiswa,dosen,antonim
panas,dingin,antonim
tumbuh,mati (tanaman),antonim
tumbuh,tumpas,antonim
perang,damai,antonim
tugas,pensiun,antonim
aman,huru-hara,antonim
aman,rusuh,antonim
jawab,tanya,antonim
bebas,terkungkung,antonim
bebas,dependen,antonim
bebas,dekam,antonim
membuka,menutup,antonim
membuka,tutup,antonim
mendukung,melawan,antonim
melawan,menyerah,antonim
berdiri,duduk,antonim
pemimpin,bawahan,antonim
bertemu,berpisah,antonim
naik,turun,antonim
naik,drop,antonim
persis,beda,antonim
pembangunan,destruksi,antonim
sehat,merana,antonim
membangun,gusur,antonim
membeli,menjual,antonim
membeli,sewa,antonim
hak,kewajiban,antonim
aktif,pasif,antonim
aktif,nonaktif,antonim
meninggalkan,menemui,antonim
meninggalkan,mendatangi,antonim
meninggalkan,menandangi,antonim
rakyat,priayi,antonim
lanjut,tunda,antonim
berlangsung,usai,antonim
internasional,lokal,antonim
sederhana,rumit,antonim
sederhana,impresif,antonim
sederhana,mewah,antonim
sederhana,megah,antonim
modern,kuno,antonim
modern,bahari,antonim
modern,arkais,antonim
modern,antik,antonim
modern,primitif,antonim
modern,tradisional,antonim
modern,feodal,antonim
manfaat,mudarat,antonim
manfaat,rugi,antonim
ilmiah,khayal,antonim
menikah,lajang,antonim
buruk,elok,antonim
istri,suami,antonim
berisi,mambung,antonim
militer,sipil,antonim
tampak,tenggelam,antonim
gadis,(je)jaka,antonim
memutuskan,menyambungkan,antonim
mengeluarkan,memasukkan,antonim
terbuka,tertutup,antonim
terbuka,privat,antonim
terbuka,bertaut,antonim
lokal,universal,antonim
bertanya,menjawab,antonim
dewasa,manja,antonim
dewasa,kanak-kanak,antonim
dewasa,budak,antonim
mengurangi,menambahi,antonim
jawaban,soal,antonim
perbedaan,persamaan,antonim
senang,sedih,antonim
senang,sebal,antonim
senang,sengsara,antonim
senang,gusar,antonim
jarang,lebat,antonim
jarang,acap,antonim
cantik,jelek,antonim
bersih,kotor,antonim
bersih,cemar,antonim
bersih,berdaki,antonim
bersih,medok,antonim
bersih,dekil,antonim
tergantung,lepas,antonim
kiri,kanan,antonim
grup,perseorangan,antonim
takut,berani,antonim
takut,perkasa,antonim
keuntungan,kerugian,antonim
lupa,ingat,antonim
kebanyakan,masyhur,antonim
berakhir,berawal,antonim
berakhir,bermula,antonim
publik,privat,antonim
positif,negatif,antonim
hadir,absen,antonim
hadir,bolos,antonim
konsumen,produsen,antonim
yakin,ragu-ragu,antonim
yakin,sangsi,antonim
yakin,skeptis,antonim
normal,taknormal,antonim
normal,aneh,antonim
normal,ajaib,antonim
normal,abnormal,antonim
normal,kelainan,antonim
normal,cenangga,antonim
normal,cacat,antonim
menambah,mengurangkan,antonim
menambah,menyasap,antonim
kalah,menang,antonim
menolak,menyetujui,antonim
menolak,tekan,antonim
menolak,bersedia,antonim
menolak,hela,antonim
menolak,bersetuju,antonim
putra,putri,antonim
gagal,tercapai,antonim
wajib,sunah,antonim
meningkat,menurun,antonim
menyerang,menahan,antonim
menyerang,tangkis,antonim
menjalankan,henti,antonim
kaya,miskin,antonim
kaya,sarit,antonim
sempurna,cacat,antonim
peningkatan,penurunan,antonim
mengatur,merusak,antonim
mengatur,awut,antonim
dingin,terik,antonim
tentara,sipil,antonim
nyata,semu,antonim
nyata,teoretis,antonim
nyata,niskala,antonim
nyata,maya,antonim
profesional,amatir,antonim
mendorong,melemahkan,antonim
mendirikan,meruntuhkan,antonim
pernikahan,perceraian,antonim
karyawan,purnakaryawan,antonim
menyelesaikan,memulai,antonim
ringan,teruk,antonim
tertinggi,terendah,antonim
pindah,diam,antonim
semangat,mutung,antonim
semangat,antusias,antonim
menambahkan,mengurangkan,antonim
internal,eksternal,antonim
mengobati,mencederai,antonim
pakai,ganti,antonim
serial,lepas,antonim
pelanggan,penjual,antonim
sayang,benci,antonim
kesulitan,kemudahan,antonim
singkat,tele,antonim
relatif,absolut,antonim
maju,pailit,antonim
maju,mundur,antonim
menderita,sejahtera,antonim
membayar,mengutang,antonim
mempelajari,mengajar,antonim
semacam,aneka,antonim
menurunkan,menaikkan,antonim
pinjaman,setoran,antonim
ujung,pangkal,antonim
ujung,pucuk,antonim
timbul,tenggelam,antonim
kering,lembang,antonim
kering,berair,antonim
kering,basah,antonim
bakar,memadamkan,antonim
serius,main-main,antonim
potensi,peloh,antonim
mengadakan,meniadakan,antonim
menang,tewas,antonim
terpilih,tersingkir,antonim
terpilih,tersisih,antonim
terpilih,terdepak,antonim
bertambah,berkurang,antonim
puncak,terbawah,antonim
selamat,celaka,antonim
pekerja,penganggur,antonim
berani,malu,antonim
maksimal,minimal,antonim
menyimpan,jaja,antonim
aneh,lazim,antonim
pemuda,pemudi,antonim
habis,bersisa,antonim
sahabat,seteru,antonim
uni,uda,antonim
tunggal,bineka,antonim
tunggal,berpasangan,antonim
tunggal,aneka,antonim
tunggal,majemuk,antonim
tunggal,ganda,antonim
tunggal,rangkap,antonim
tunggal,dobel,antonim
mengumpulkan,mendistribusikan,antonim
tahan,serang,antonim
kebiasaan,keanehan,antonim
lepas,terikat,antonim
lepas,rangkai,antonim
suci,kotor,antonim
suci,najis,antonim
memperhatikan,mengabaikan,antonim
aksi,reaksi,antonim
menghabiskan,menyisakan,antonim
lemah,tebal,antonim
keberadaan,ketiadaan,antonim
kekurangan,kelebihan,antonim
kekurangan,melemah,antonim
malang,mujur,antonim
halus,kasar,antonim
lembut,sangar,antonim
menyukai,membenci,antonim
kebenaran,kedustaan,antonim
ambil,simpan,antonim
tenang,rusuh,antonim
tenang,amuk,antonim
tenang,mamang,antonim
tenang,heboh,antonim
lawan,bermitra,antonim
menangis,tertawa,antonim
gelap,cemerlang,antonim
gelap,cerah,antonim
menengah,meminggir,antonim
lunak,padat,antonim
mengungkapkan,menutupi,antonim
segar,loyo,antonim
segar,pucat,antonim
segar,lunglai,antonim
segar,lesu,antonim
segar,busuk,antonim
mengakui,memungkiri,antonim
murid,mursyid,antonim
murid,pendidik,antonim
imam,makmum,antonim
hangat,sejuk,antonim
kredit,debit,antonim
menutup,selak,antonim
menutup,ungkap,antonim
menutup,menelanjangi,antonim
terang,kelam,antonim
terang,aram,antonim
terang,sayup-sayup,antonim
terang,suram,antonim
menahan,membebaskan,antonim
menahan,menyerbu,antonim
pertempuran,perdamaian,antonim
terpisah,tercampur,antonim
terpisah,tergabung,antonim
terpisah,tersentralisasi,antonim
bapak,emak,antonim
miskin,mencukupkan,antonim
prestasi,wanprestasi,antonim
buka,tutup,antonim
bunda,ayahanda,antonim
bahagia,sedih,antonim
bahagia,sangsai,antonim
kompleks,simpel,antonim
mencintai,membenci,antonim
pendukung,pelawan,antonim
penurunan,penaikan,antonim
pemenang,pecundang,antonim
musuh,kawan,antonim
musuh,pengikut,antonim
musuh,ikhwan,antonim
musuh,rekan,antonim
musuh,sekutu,antonim
kebaikan,kejahatan,antonim
kebaikan,keburukan,antonim
kebaikan,kezaliman,antonim
menyebar,menyatu,antonim
adik,abang,antonim
adik,kakak,antonim
adik,bang,antonim
teratur,semrawut,antonim
teratur,bertaburan,antonim
peduli,tak acuh,antonim
memudahkan,menyulitkan,antonim
memasukkan,cabut,antonim
berumur,belia,antonim
diam,racau,antonim
diam,panik,antonim
diam,hilir mudik,antonim
diam,cakap,antonim
sibuk,sepi,antonim
pedagang,pembeli,antonim
puas,kecewa,antonim
rapat,renggang,antonim
padat,mumuk,antonim
padat,lebur,antonim
padat,repas,antonim
buang,pungut,antonim
kemajuan,kemunduran,antonim
kedatangan,keberangkatan,antonim
kedatangan,kepergian,antonim
sejenis,bermacam-macam,antonim
pelajar,pengajar,antonim
membersihkan,mengotori,antonim
membersihkan,kotor,antonim
setia,menyeleweng,antonim
setia,mungkir,antonim
lambat,laju,antonim
lambat,kencang,antonim
lambat,ekspres,antonim
lambat,deras,antonim
tertutup,terselak,antonim
tertutup,transparan,antonim
mayoritas,minoritas,antonim
kenyataan,fantasi,antonim
kecelakaan,keselamatan,antonim
mendekati,menjauhi,antonim
mendekati,singkir,antonim
menurun,menanjak,antonim
menurun,menaik,antonim
melepaskan,mengungkung,antonim
melepaskan,melekatkan,antonim
melepaskan,cekal,antonim
melepaskan,taut,antonim
melepaskan,tawan,antonim
melepaskan,mengambang,antonim
melepaskan,membelenggu,antonim
kekayaan,kepapaan,antonim
kekayaan,kemiskinan,antonim
produsen,pemakai,antonim
keyakinan,keraguan,antonim
keyakinan,kesangsian,antonim
sedih,gembira,antonim
sedih,ceria,antonim
gerak,periodik,antonim
ramai,sunyi,antonim
ramai,lengang,antonim
lurus,bengkok,antonim
lurus,mengsol,antonim
lurus,belok,antonim
lurus,menceng,antonim
lurus,licik,antonim
lurus,bercabang,antonim
menguntungkan,merugikan,antonim
tegas,kabur,antonim
praktis,teoretis,antonim
berkurang,berganda,antonim
bergantung,mandiri,antonim
beda,memper,antonim
teluk,jazirah,antonim
tuan,pembantu,antonim
tuan,pramuwisma,antonim
tuan,puan,antonim
tuan,ajudan,antonim
keberhasilan,kegagalan,antonim
tipis,tebal,antonim
kebebasan,kungkungan,antonim
moral,amoral,antonim
pintar,bodoh,antonim
pintar,bebal,antonim
pintar,dungu,antonim
lancar,terhambat,antonim
lancar,terpatah-patah,antonim
lancar,tersendat,antonim
lancar,macet,antonim
lancar,tersendat-sendat,antonim
lancar,bata-bata,antonim
lancar,sendat,antonim
membedakan,menyeragamkan,antonim
kecantikan,kejelekan,antonim
biar,usah,antonim
erat,renggang,antonim
mandiri,manja,antonim
cerdas,bodoh,antonim
cerdas,pilon,antonim
jujur,kecurangan,antonim
jujur,bohong,antonim
jujur,munafik,antonim
jujur,curang,antonim
jujur,culas,antonim
palsu,legal,antonim
palsu,tulen,antonim
palsu,sejati,antonim
pasang,surut,antonim
penjual,pembeli,antonim
baku,lentur,antonim
matang,mentah,antonim
formal,nonformal,antonim
formal,informal,antonim
tajam,tumpul,antonim
liar,jinak,antonim
putus,berlanjut,antonim
stabil,labil,antonim
sabar,palak,antonim
surga,neraka,antonim
mengingatkan,melupakan,antonim
efisien,inefisien,antonim
kehadiran,absensi,antonim
tarik,tolak,antonim
tarik,sorong,antonim
adil,berat sebelah,antonim
adil,timpang,antonim
nikmat,azab,antonim
kerugian,pemanfaatan,antonim
pandai,bodoh,antonim
pandai,pandir,antonim
pandai,dungu,antonim
mulia,hina,antonim
mulia,daif,antonim
klien,pengacara,antonim
bukit,lembah,antonim
penerima,donor,antonim
melanggar,mematuhi,antonim
mengundang,usir,antonim
hancur,utuh,antonim
hancur,permai,antonim
prajurit,perwira,antonim
cewek,cowok,antonim
cewek,mencotok,antonim
membiarkan,memelihara,antonim
membiarkan,memedulikan,antonim
membiarkan,menyawar,antonim
membiarkan,garap,antonim
membiarkan,menolong,antonim
membiarkan,menanggapi,antonim
pensiun,berdinas,antonim
memasang,mencopot,antonim
memasang,mencepol,antonim
difusi,pengumpulan,antonim
terdekat,terjauh,antonim
penerimaan,penolakan,antonim
damai,kacau balau,antonim
damai,rusuh,antonim
damai,ribut,antonim
damai,tikai,antonim
rata,bergelombang,antonim
daratan,lautan,antonim
disiplin,indisiplin,antonim
beragama,ateis,antonim
bersedia,berlengah,antonim
kompetensi,inkompetensi,antonim
cedera,pulih,antonim
top,terbawah,antonim
kelemahan,ketebalan,antonim
mengakhiri,mengawali,antonim
senior,junior,antonim
persetujuan,penolakan,antonim
konsisten,inkonsisten,antonim
konsisten,mencla-mencle,antonim
konsisten,paradoksal,antonim
terlepas,menempel,antonim
terlepas,tertahan,antonim
terlepas,tertangkap,antonim
terlepas,terbelenggu,antonim
memelihara,menelantarkan,antonim
mempercepat,memperlambat,antonim
kegagalan,kesuksesan,antonim
bertentangan,berdamai,antonim
bertentangan,bersepakat,antonim
bertentangan,bersesuaian,antonim
gampang,mempersulit,antonim
gampang,rumpil,antonim
merugikan,untung,antonim
cair,beku,antonim
cair,pekat,antonim
cair,kental,antonim
pembuangan,penampungan,antonim
pengakuan,pengingkaran,antonim
menetap,berhijrah,antonim
kotor,mukados,antonim
plus,minus,antonim
neraka,nirwana,antonim
neraka,firdaus,antonim
jantan,betina,antonim
membuang,memungut,antonim
membuang,menampung,antonim
mini,maksi,antonim
gila,waras,antonim
melarang,membolehkan,antonim
penutup,pendahuluan,antonim
akrab,renggang,antonim
sempit,longgar,antonim
sempit,selesa,antonim
terbit,tenggelam,antonim
terbit,terbenam,antonim
penambahan,pengurangan,antonim
pengeluaran,pemasukan,antonim
cerah,muram,antonim
cerah,mendung,antonim
cerah,pudar,antonim
roh,antusias,antonim
kebahagiaan,kesedihan,antonim
kebahagiaan,depresi,antonim
melengkapi,mempreteli,antonim
terbanyak,tersedikit,antonim
wujud,tanwujud,antonim
memisahkan,menyatukan,antonim
memisahkan,menggabungkan,antonim
memisahkan,mencampurkan,antonim
bodoh,brilian,antonim
bodoh,berakal,antonim
bodoh,mumpuni,antonim
bodoh,encer,antonim
mematikan,menghidupkan,antonim
mematikan,menyalakan,antonim
malas,cekatan,antonim
malas,rajin,antonim
liat,rapuh,antonim
gembira,duka,antonim
gembira,lara,antonim
rapi,berantakan,antonim
rapi,morat-marit,antonim
rapi,semrawut,antonim
rapi,lusuh,antonim
rapi,lecek,antonim
rapi,awut-awutan,antonim
rapi,acak-acakan,antonim
utuh,rumpang,antonim
utuh,remuk,antonim
utuh,separuh,antonim
hulu,hilir,antonim
masukan,keluaran,antonim
independen,dependen,antonim
pecah,solid,antonim
meyakinkan,menyangsikan,antonim
meyakinkan,meragukan,antonim
rela,pamrih,antonim
menghadiri,kemangkiran,antonim
kemudahan,kesukaran,antonim
kemudahan,kesusahan,antonim
kemudahan,kepelikan,antonim
laba,rugi,antonim
primer,sekunder,antonim
pembukaan,penutupan,antonim
kepuasan,kekecewaan,antonim
masak,mentah,antonim
bangsawan,proletar,antonim
maksimum,minimum,antonim
subur,mandul,antonim
subur,majir,antonim
subur,tandus,antonim
hati-hati,awut-awutan,antonim
mengundurkan,memajukan,antonim
mengundurkan,menyasarkan,antonim
tegak,tumbang,antonim
tegak,mencong,antonim
tegak,rebah,antonim
tegak,roboh,antonim
tegak,kerendahan,antonim
tegak,serong,antonim
beruntung,merugi,antonim
beruntung,nahas,antonim
komedi,tragedi,antonim
melekat,melepas,antonim
start,finis,antonim
menyebarkan,menyatukan,antonim
budak,juragan,antonim
mutlak,moderat,antonim
mama,papa,antonim
keadilan,ketakadilan,antonim
terikat,terbebas,antonim
open,ceroboh,antonim
spiritual,jasmaniah,antonim
datar,munjung,antonim
berdekatan,berjauhan,antonim
haram,halal,antonim
haram,berhal,antonim
efisiensi,inefisiensi,antonim
seragam,pusparagam,antonim
seragam,puspawarna,antonim
intim,renggang,antonim
produktif,kontraproduktif,antonim
interior,eksterior,antonim
mendarat,melaut,antonim
persahabatan,perseteruan,antonim
tenggelam,mengapung,antonim
tenggelam,terapung-apung,antonim
melupakan,mengenangkan,antonim
persatuan,perseorangan,antonim
persatuan,perceraian,antonim
melancarkan,memacetkan,antonim
pro,kontra,antonim
mayor,minor,antonim
perdamaian,permusuhan,antonim
perdamaian,perbalahan,antonim
perdamaian,pertengkaran,antonim
perdamaian,pertentangan,antonim
perdamaian,pertikaian,antonim
kerajinan,kemalasan,antonim
bayar,cuma-cuma,antonim
seimbang,kerendahan,antonim
konvensional,inkonvensional,antonim
membangkitkan,menidurkan,antonim
membangkitkan,puruk,antonim
halal,pantang,antonim
rugi,untung,antonim
dialog,monolog,antonim
bersatu,bercerai,antonim
bersatu,berpisah,antonim
bersatu,bubar,antonim
bersatu,bersebar,antonim
bersatu,berpencaran,antonim
sepi,recok,antonim
sepi,marak,antonim
ekspor,impor,antonim
tersembunyi,visibel,antonim
kedalaman,kedangkalan,antonim
kedalaman,kecetekan,antonim
pembakaran,pemadaman,antonim
dinamis,stagnan,antonim
dinamis,statis,antonim
batin,jasmani,antonim
rohani,jasmani,antonim
melepas,mengikat,antonim
melepas,pegang,antonim
sopan,songong,antonim
enggan,mau tak mau,antonim
mengabaikan,mengacuhkan,antonim
hemat,boros,antonim
membebaskan,mengurung,antonim
membebaskan,pingit,antonim
membebaskan,mengendalakan,antonim
membebaskan,mengamankan,antonim
membebaskan,menegah,antonim
membebaskan,memasung,antonim
menanam,menggali,antonim
pujian,celaan,antonim
pujian,cacatan,antonim
lazim,ganjil,antonim
ekstra,intra,antonim
impor,mengekspor,antonim
mengizinkan,larang,antonim
membesar,mengecil,antonim
tertidur,terbangun,antonim
tawar,asin,antonim
memunculkan,menenggelamkan,antonim
memunculkan,melenyapkan,antonim
nikah,bercerai,antonim
tunai,cicil,antonim
tunai,angsur,antonim
pengumpulan,pendistribusian,antonim
distributor,pengecer,antonim
menjatuhkan,melambungkan,antonim
miring,waras,antonim
teringat,terlupa,antonim
mulus,bopeng,antonim
kaku,luwes,antonim
kaku,fleksibel,antonim
kaku,elastis,antonim
kaku,plastis,antonim
kaku,supel,antonim
jernih,butek,antonim
berlawanan,berlarasan,antonim
berlawanan,bersahabat,antonim
berlawanan,berteman,antonim
memuji,menghujat,antonim
memuji,mencerca,antonim
memuji,mencacat,antonim
memuji,ejek,antonim
menggali,menguruk,antonim
gemuk,ramping,antonim
gemuk,langsing,antonim
pelayan,majikan,antonim
teliti,ceroboh,antonim
teliti,sembrono,antonim
tante,om,antonim
vertikal,horizontal,antonim
pendatang,pribumi,antonim
pendatang,bumiputra,antonim
universal,parsial,antonim
bercampur,berpisah,antonim
permulaan,pengakhiran,antonim
berpisah,berjumpa,antonim
berpisah,sua,antonim
mustahil,munasabah,antonim
polos,berjalur-jalur,antonim
kawin,cerai,antonim
gairah,antusias,antonim
mantap,bimbang,antonim
eksklusif,inklusif,antonim
porno,susila,antonim
ekonomis,boros,antonim
bos,anak buah,antonim
menyala,padam,antonim
bening,keruh,antonim
menyatukan,memecah belah,antonim
menyatukan,membubarkan,antonim
menyatukan,menceraikan,antonim
penolakan,impuls,antonim
penolakan,pengabulan,antonim
logis,irasional,antonim
meluas,menyempit,antonim
berlebih,longgar,antonim
menghidupkan,memadamkan,antonim
sistematis,acak-acakan,antonim
membenci,menyenangi,antonim
membenci,menyayangi,antonim
pangkal,punca,antonim
menumbuhkan,menumpas,antonim
jelek,tampan,antonim
atasan,bawahan,antonim
atasan,subordinat,antonim
inflasi,deflasi,antonim
penangkapan,pembebasan,antonim
tunduk,membangkang,antonim
kontroversi,selaras,antonim
musibah,berkah,antonim
berlayar,bersauh,antonim
berlayar,berlabuh,antonim
bersahabat,berseteru,antonim
sungguh-sungguh,main-main,antonim
sungguh-sungguh,akal-akalan,antonim
memanjang,memendek,antonim
pengurangan,perbanyakan,antonim
pengurangan,penambah,antonim
rahmat,laknat,antonim
ilegal,legal,antonim
ilegal,absah,antonim
ilegal,valid,antonim
pemisahan,penyatuan,antonim
pemisahan,penggabungan,antonim
pemisahan,pencampuran,antonim
pemisahan,peleburan,antonim
mengutamakan,menomorduakan,antonim
mengutamakan,membelakangkan,antonim
mengutamakan,mengetepikan,antonim
ketergantungan,kemandirian,antonim
sambutan,tolakan,antonim
kurus,gendut,antonim
menyalahkan,membenarkan,antonim
menyalahkan,membetulkan,antonim
lebat,gundul,antonim
tegang,kendur,antonim
payah,tabah,antonim
bercerai,berkawin,antonim
sombong,rendah hati,antonim
penanaman,penggundulan,antonim
antusias,apatis dorongan,antonim
antusias,gelora,antonim
antusias,spirit,antonim
antusias,vitalitas,antonim
waspada,lalai,antonim
memajukan,memundurkan,antonim
mencabut,menusuk,antonim
mencabut,menancapkan,antonim
mengaktifkan,memasifkan,antonim
mengaktifkan,pecat,antonim
mengaktifkan,menonaktifkan,antonim
ketenangan,kebisingan,antonim
ketenangan,kerusuhan,antonim
ketenangan,kepanikan,antonim
ketenangan,kehebohan,antonim
sesak,lapang,antonim
bertempur,berdamai,antonim
memaksimalkan,meminimalkan,antonim
minus,surplus,antonim
berteman,bermusuhan,antonim
menaiki,menuruni,antonim
amanah,khianat,antonim
janda,duda,antonim
berbohong,terus terang,antonim
menunda,menuntaskan,antonim
teguh,goyah,antonim
teguh,rapuh,antonim
demokratis,absolut,antonim
waris,pewaris,antonim
apresiasi,depresiasi,antonim
repot,leluasa,antonim
pembebasan,pengungkungan,antonim
pembebasan,penawanan,antonim
pembebasan,penahanan,antonim
pembebasan,pembelengguan,antonim
pembebasan,pemasungan,antonim
lemas,lincah,antonim
ceria,bernoda,antonim
ceria,muram,antonim
penyerangan,penahanan,antonim
intervensi,lepas tangan,antonim
mendekat,menjauh,antonim
meminjam,setor,antonim
runtuh,kukuh,antonim
kemuliaan,keaiban,antonim
harmonis,disharmonis,antonim
pendengar,penceramah,antonim
pucat,berseri,antonim
kesedihan,kegembiraan,antonim
kesedihan,kesenangan,antonim
kekacauan,kedamaian,antonim
memperpanjang,memperpendek,antonim
memperpanjang,mempersingkat,antonim
mendekatkan,menjauhkan,antonim
abstrak,konkret,antonim
abstrak,aktual,antonim
rukun,cekcok,antonim
dara,jaka,antonim
dara,teruna,antonim
wangi,bacin,antonim
kebencian,kesukaan,antonim
kebencian,kecintaan,antonim
kejayaan,kejatuhan,antonim
kejayaan,keruntuhan,antonim
kejujuran,kemunafikan,antonim
kejujuran,kecurangan,antonim
kejujuran,kebohongan,antonim
perawan,perjaka,antonim
pingsan,siuman,antonim
membesarkan,mengecilkan,antonim
persekutuan,permusuhan,antonim
keraguan,kredibilitas,antonim
tertib,berantakan,antonim
berantakan,beraturan,antonim
berantakan,tertata,antonim
paman,uak,antonim
berdiam,bergeser,antonim
pembersihan,pengotoran,antonim
menunaikan,mencicil,antonim
busuk,harum,antonim
meriah,sunyi,antonim
ekstrem,moderat,antonim
menjauhi,memarani,antonim
menjauhi,menghampiri,antonim
simpel,ruwet,antonim
simpel,multipel,antonim
pendingin,pemanas,antonim
meringankan,memberatkan,antonim
meringankan,menyusahkan,antonim
kesempurnaan,mencacati,antonim
menyalakan,memadamkan,antonim
optimis,pesimis,antonim
bertenaga,loyo,antonim
terputus,tersambung,antonim
mematuhi,balela,antonim
terbebas,terhukum,antonim
terbebas,terpasung,antonim
terbebas,tertawan,antonim
perpisahan,mempertemukan,antonim
perpisahan,perjumpaan,antonim
menata,memberantakkan,antonim
penyerapan,penyemburan,antonim
kebugaran,kepenatan,antonim
aktual,basi,antonim
menyisakan,merampungkan,antonim
kebesaran,kekecilan,antonim
nasionalisme,provinsialisme,antonim
menyesatkan,menerangi,antonim
menyedihkan,menggembirakan,antonim
mendahului,membuntuti,antonim
simpati,antipati,antonim
grosir,pengecer,antonim
bersantai,bekerja keras,antonim
cemerlang,dungu,antonim
tawa,tangis,antonim
amatir,pacak,antonim
kebohongan,keterusterangan,antonim
keburukan,keelokan,antonim
daring,luring,antonim
konservatif,progresif,antonim
patuh,berontak,antonim
memperbanyak,mengurangkan,antonim
stimulus,respons,antonim
mengunduh,mengunggah,antonim
berdampingan,berjauhan,antonim
menguraikan,memberkaskan,antonim
keanekaragaman,heterogen,antonim
genap,gasal,antonim
genap,ganjil,antonim
pertentangan,persepakatan,antonim
tangkap,me-,antonim
terdepan,terbelakang,antonim
mapan,goyah,antonim
bertengkar,berdamai,antonim
pengabdian,pembangkangan,antonim
objektif,subjektif,antonim
membongkar,mengemas,antonim
berlainan,uniform,antonim
aki,nini,antonim
memperlambat,memperkencang,antonim
lapang,sumpek,antonim
absolut,nisbi,antonim
marak,padam,antonim
kegembiraan,kesayuan,antonim
kegembiraan,kedukaan,antonim
merendahkan,mengagung-agungkan,antonim
merendahkan,meninggikan,antonim
jamak,mufrad,antonim
mengembang,menciut,antonim
teruji,penguji,antonim
teruji,pengetes,antonim
pertemanan,permusuhan,antonim
lestari,fana,antonim
lestari,binasa,antonim
egois,pluralis,antonim
pencinta,pembenci,antonim
tertanggal,tersarung,antonim
sok,rendah hati,antonim
tekun,main-main,antonim
pengatur,perusak,antonim
cuek,acuh,antonim
pekat,encer,antonim
konsistensi,inkonsistensi,antonim
degradasi,gradasi,antonim
melemahkan,menebalkan,antonim
penyatuan,pengasingan,antonim
penyatuan,penceraian,antonim
penyatuan,pembubaran,antonim
buncit,kempis,antonim
penanggalan,pembalutan,antonim
kebodohan,kepandaian,antonim
kebodohan,kepintaran,antonim
majikan,pesuruh,antonim
bersedih,bergembira,antonim
pendiam,ceriwis,antonim
pendiam,cerewet,antonim
pendiam,beleter,antonim
mempercantik,memperjelek,antonim
sunyi,hiruk,antonim
sunyi,riuh,antonim
lalai,acuh,antonim
menundukkan,mendongakkan,antonim
eksplisit,implisit,antonim
pelantikan,pencopotan,antonim
pelantikan,pelengseran,antonim
terang-terangan,sembunyi-sembunyi,antonim
alim,bejat,antonim
alim,usil,antonim
menyambung,memutus,antonim
mengabadikan,memusnahkan,antonim
keramaian,keheningan,antonim
keramaian,kelengangan,antonim
tersirat,tersurat,antonim
tangkas,lamban,antonim
melek,merem,antonim
melek,pejam,antonim
mengasah,menumpulkan,antonim
menyebalkan,menyenangkan,antonim
menyebalkan,simpatik,antonim
hina,muktabar,antonim
pembekuan,pencairan,antonim
kembung,kempis,antonim
kemewahan,kepapaan,antonim
parsial,ekstensif,antonim
tegar,cengeng,antonim
membasahi,mengeringkan,antonim
penat,bugar,antonim
boros,irit membuang-buang,antonim
boros,menghambur-hamburkan,antonim
boros,mengumbar,antonim
boros,irit,antonim
berselisih,bermesra,antonim
membahagiakan,menyengsarakan,antonim
bugar,lesu,antonim
bugar,tenat,antonim
jinak,jalang,antonim
jinak,buas,antonim
menanjak,melandai,antonim
padam,mengangah,antonim
berselang,muwalat,antonim
mencurahkan,memendam,antonim
awalan,akhiran,antonim
menyulut,memadamkan,antonim
fasih,gagap,antonim
bercahaya,suram,antonim
elite,proletar,antonim
superior,inferior,antonim
curam,landai,antonim
berlama-lama,cepat-cepat,antonim
modis,ketinggalan zaman,antonim
bersekutu,bermusuhan,antonim
cepat-cepat,lambat-lambat,antonim
menggembirakan,menyayukan,antonim
cerdik,dungu,antonim
cerdik,tolol,antonim
menamatkan,memulai,antonim
main-main,khusyuk,antonim
sial,mujur,antonim
ribut,reda,antonim
pengemis,penderma,antonim
runcing,tumpul,antonim
runcing,mampal,antonim
runcing,dempak,antonim
membangunkan,menidurkan,antonim
belia,renta,antonim
tiruan,orisinal,antonim
menebus,mencagarkan,antonim
menebus,gadai,antonim
membeku,mencair,antonim
sukacita,dukacita,antonim
bermain-main,bersungguh-sungguh,antonim
menjulang,junam,antonim
mencampur,memisah,antonim
kestabilan,kelabilan,antonim
antagonis,protagonis,antonim
relaksasi,tensi,antonim
pengeringan,pengairan,antonim
defisit,surplus,antonim
sungkan,mau tak mau,antonim
curang,mukhlis,antonim
curang,sportif,antonim
merangkul,mendepak,antonim
otentik,imitasi,antonim
penahanan,penyerbuan,antonim
pembubaran,menggalang,antonim
meluruskan,membengkokkan,antonim
meluruskan,membelokkan,antonim
meluruskan,tekuk,antonim
penghinaan,permuliaan,antonim
penghinaan,pengagungan,antonim
kesesuaian,ketimpangan,antonim
mesum,senonoh,antonim
temu,pisah,antonim
akselerasi,deselerasi,antonim
mempersatukan,mempertentangkan,antonim
ketenaran,kepudaran,antonim
riang,gundah,antonim
memuliakan,mendaifkan,antonim
berdamai,bermusuhan,antonim
berdamai,bersengketa,antonim
berdamai,berbalah,antonim
terurai,terberkas,antonim
terpendam,tercurah,antonim
terpendam,tercurahkan,antonim
fleksibilitas,kekakuan,antonim
menunduk,mendongak,antonim
menunduk,tengadah,antonim
menempelkan,mencopot,antonim
renggang,dempet,antonim
renggang,damping,antonim
keutuhan,kerumpangan,antonim
puji,mencela,antonim
puji,cerca,antonim
mencerahkan,memuramkan,antonim
kelalaian,kewaspadaan,antonim
kelalaian,kecermatan,antonim
debitur,kreditor,antonim
transparansi,ketertutupan,antonim
adopsi,menelantarkan,antonim
abdi,juragan,antonim
harmoni,disonansi,antonim
waras,sedeng,antonim
waras,sinting,antonim
waras,edan,antonim
homogen,heterogen,antonim
homogen,plural,antonim
merapikan,memberantakkan,antonim
merapikan,berantak,antonim
merapikan,mengacak-acak,antonim
kewanitaan,maskulin,antonim
terpelihara,telantar,antonim
terpelihara,terbengkalai,antonim
terpelihara,terhantar,antonim
tergesa-gesa,tertagak-tagak,antonim
desentralisasi,sentralisasi,antonim
beradab,biadab,antonim
rewel,penurut,antonim
berduka,bergembira,antonim
kepandaian,kedunguan,antonim
kepandaian,kepandiran,antonim
lamban,cekatan,antonim
lamban,trengginas,antonim
lamban,gesit,antonim
lamban,gancang,antonim
lamban,cekat,antonim
lamban,bangat,antonim
lamban,sigap,antonim
memanaskan,mendinginkan,antonim
mengencangkan,melambatkan,antonim
fana,baka,antonim
fana,langgeng,antonim
menepati,memungkiri,antonim
deskriptif,preskriptif,antonim
kesederhanaan,kecanggihan,antonim
kesederhanaan,kerumitan,antonim
mencurigai,memercayai,antonim
pemberani,penakut,antonim
merdu,sumbang,antonim
meta,tawadu,antonim
teduh,rusuh,antonim
menenggelamkan,mengapungkan,antonim
penyayang,pembenci,antonim
pelit,dermawan,antonim
pelit,pemboros,antonim
bising,senyap,antonim
bising,hening,antonim
tumpul,lancip,antonim
sinonim,antonim,antonim
berseberangan,bersepakat,antonim
mengharamkan,menghalalkan,antonim
mengeringkan,mengairi,antonim
serbuan,penahan,antonim
bermoral,asusila,antonim
bermoral,amoral,antonim
bermoral,cabul,antonim
mencairkan,membekukan,antonim
mencairkan,mengentalkan,antonim
bermusuhan,berbaikan,antonim
bermusuhan,berkawan,antonim
bermusuhan,berekan,antonim
kepanjangan,kependekan,antonim
memecat,rekrut,antonim
melantik,melengserkan,antonim
dermawan,kikir,antonim
angkuh,rendah hati,antonim
heterogen,homogen diversitas,antonim
heterogen,keberagaman,antonim
heterogen,keberbagaian,antonim
heterogen,kebinekaan,antonim
heterogen,kemajemukan,antonim
heterogen,pluralitas,antonim
gendut,ceking,antonim
menipis,menebal,antonim
kesombongan,kerendah-hatian,antonim
jahil,anteng,antonim
haluan,buritan,antonim
berseri,murung,antonim
berseri,muram,antonim
kedinginan,kepanasan,antonim
kesengsaraan,kesenangan,antonim
elastisitas,kekakuan,antonim
feminin,maskulin,antonim
kemaslahatan,kemudaratan,antonim
spasial,mondial,antonim
murung,senang hati,antonim
hening,riuh,antonim
definitif,taktentu,antonim
pembangun,pemusnah,antonim
menanggalkan,memakaikan,antonim
menanggalkan,membalutkan,antonim
pemecatan,pengaktifan,antonim
intrinsik,ekstrinsik,antonim
melebur,memadat,antonim
bruto,neto,antonim
mengesampingkan,mendahulukan,antonim
pemborosan,pengiritan,antonim
terbawah,teratas,antonim
garang,menjinakkan,antonim
berjauhan,berhampiran,antonim
mudarat,mustahak,antonim
mudarat,maslahat,antonim
menikahkan,menceraikan,antonim
pembangkang,penurut,antonim
melarat,sentosa,antonim
melarat,sugih,antonim
bercakap-cakap,berdiam diri,antonim
merapatkan,mengantarai,antonim
sunah,fardu,antonim
telentang,menelingkup,antonim
telentang,telangkup,antonim
telentang,tengkurap,antonim
telentang,tiarap,antonim
telentang,tangkup,antonim
menghaluskan,kekasaran,antonim
gundul,rimbun,antonim
maskulin,feminim,antonim
keabadian,kefanaan,antonim
menegang,mengendur,antonim
terpejam,nyalang,antonim
mami,papi,antonim
centang,bersatu padu,antonim
ceroboh,telaten,antonim
ceroboh,prigel,antonim
konstruktif,destruktif,antonim
tegap,loyo,antonim
peminjaman,penyetoran,antonim
ayahanda,putranda,antonim
keakraban,kerenggangan,antonim
pemutusan,penyambungan,antonim
talak,rujuk,antonim
serap,menyembur,antonim
tempel,mencopot,antonim
meninggi,merendah,antonim
memuntahkan,telan,antonim
terabaikan,teperhatikan,antonim
lahiriah,batiniah,antonim
optimisme,pesimisme,antonim
menggeleng,angguk,antonim
keaktifan,kepasifan,antonim
ujang,neng,antonim
mandul,fertil,antonim
konotasi,denotasi,antonim
plural,singular,antonim
melalaikan,mengacuhkan,antonim
keceriaan,kemuraman,antonim
keceriaan,kemurungan,antonim
mengagungkan,menghinakan,antonim
keheningan,kebisingan,antonim
keheningan,keriuhan,antonim
mengharumkan,membusukkan,antonim
kalem,temperamental,antonim
terlupa,teragak,antonim
terlupa,terkenang,antonim
duda,randa,antonim
pemusnahan,pengabadian,antonim
rujuk,menyarak,antonim
gali,uruk,antonim
kemalangan,kemujuran,antonim
pemarah,penyabar,antonim
optimistis,pesimistis,antonim
memanjangkan,memendekkan,antonim
memanjangkan,menyingkat,antonim
terbelakang,termasyhur,antonim
cekung,cembung,antonim
berongga,mampat,antonim
mendamaikan,adu domba,antonim
menyederhanakan,merumitkan,antonim
kemandulan,fertilitas,antonim
kreditor,pengutang,antonim
oma,opa,antonim
menyepelekan,membesar-besarkan,antonim
menebal,melemah,antonim
lusuh,perlente,antonim
mempan,mangkir,antonim
kekhususan,keuniversalan,antonim
cembung,cengkung,antonim
tabur,pungut,antonim
menangisi,menertawai,antonim
benderang,gulita,antonim
mengadukan,menengahi,antonim
peranakan,totok,antonim
kepintaran,kedunguan,antonim
penguraian,pemberkasan,antonim
menimbun,jaja,antonim
kejelekan,kebagusan,antonim
kekakuan,keluwesan,antonim
kekakuan,kelenturan,antonim
simpleks,dupleks,antonim
bertelanjang,bertutup,antonim
keretakan,guyub,antonim
mengaburkan,membeningkan,antonim
gagap,lancar -gagap patah lidah,antonim
gagap,teragak-agak,antonim
gagap,terbata-bata,antonim
gagap,terkosel-kosel,antonim
gagap,terputus-putus,antonim
gagap,tersangkut-sangkut,antonim
gagap,tersendat-sendat,antonim
gagap,tertahan-tahan,antonim
telaten,teledor,antonim
mengguyur,ciprat,antonim
meluaskan,menyempitkan,antonim
infertilitas,fertilitas,antonim
pakde,paklik,antonim
bersukacita,berdukacita,antonim
menodai,menceriakan,antonim
mencaci,menyanjung,antonim
keseragaman,keberagaman,antonim
keseragaman,kebinekaan,antonim
mancung,pesek,antonim
mancung,penyek,antonim
pakem,blong,antonim
cela,safa,antonim
berdaging,mambung,antonim
merana,merdesa,antonim
jasmaniah,batiniah,antonim
mortalitas,natalitas,antonim
irasional,mantiki,antonim
mencopot,lantik,antonim
mengurutkan,mengacak,antonim
kelonggaran,keketatan,antonim
artifisial,tulen,antonim
penumpasan,penumbuhan,antonim
tertancap,tercabut,antonim
penurut,pembantah,antonim
penurut,degil,antonim
superioritas,inferioritas,antonim
tirus,pepat,antonim
prolog,pemungkas,antonim
prolog,epilog,antonim
disintegrasi,pernyatuan,antonim
tempayan,mengempis,antonim
gondrong,plontos,antonim
berhimpun,berpencaran,antonim
pakcik,makcik,antonim
rohaniah,badaniah,antonim
penggugat,tergugat,antonim
kemajemukan,homogenitas,antonim
kemajemukan,kehomogenan,antonim
ranum,mengkal,antonim
pengekspor,pengimpor,antonim
prefiks,sufiks,antonim
menyengsarakan,menyenangkan,antonim
penghangat,penyejuk,antonim
mujur,apes,antonim
melonggarkan,mengetatkan,antonim
melonggarkan,menerikkan,antonim
sanjungan,cacian,antonim
kecerdikan,ketololan,antonim
memedulikan,bengkalai,antonim
caci,sanjung,antonim
merenggangkan,mengakrabkan,antonim
merenggangkan,mendempetkan,antonim
merenggangkan,mendampingkan,antonim
merenggangkan,mengeratkan,antonim
dungu,cendekia,antonim
menertibkan,memberantakkan,antonim
jarang-jarang,saban-saban,antonim
keangkuhan,kerendahan hati,antonim
pengap,berangin,antonim
kemantapan,instabilitas,antonim
kemantapan,ketakstabilan,antonim
melar,ciut,antonim
eksak,non-eksak,antonim
takabur,rendah hati,antonim
penyabar,pemberangsang,antonim
penyabar,angin-anginan,antonim
penyabar,perampang,antonim
telungkup,menelentang,antonim
mengerut,mulur,antonim
pemutus,pencadang,antonim
penebus,penggadai,antonim
menciut,muai,antonim
bongsor,boncel,antonim
congkak,rendah hati,antonim
derma,medit,antonim
debitor,kreditur,antonim
menajamkan,menumpulkan,antonim
kedermawanan,kekikiran,antonim
objektivitas,subjektivitas,antonim
meleburkan,memadatkan,antonim
merenggang,mendempet,antonim
variabilitas,homogenitas,antonim
kekeruhan,kebeningan,antonim
pera,pulen,antonim
penghimpunan,pemencaran,antonim
pengharaman,penghalalan,antonim
penggundulan,penghutanan,antonim
membuncit,mengempis,antonim
menghunus,menghunjam,antonim
menghunus,hunjam,antonim
abnormalitas,kenormalan,antonim
abnormalitas,normalitas,antonim
memboroskan,mencermatkan,antonim
penyeragaman,penganekaragaman,antonim
merampingkan,menggemukkan,antonim
pesek,bangir,antonim
abai,hirau,antonim
deklinasi,inklinasi,antonim
mengempis,mengembung,antonim
menyetop,memulai,antonim
mendedahkan,menyarungkan,antonim
tebus,menggadai,antonim
menanami,menggunduli,antonim
mengencerkan,memekatkan,antonim
fertil,infertil,antonim
pembelokan,pelurusan,antonim
metaforis,denotatif,antonim
anteng,lasak,antonim
mengakhirkan,mengawalkan,antonim
meminggirkan,menengahkan,antonim
terhunus,terhunjam,antonim
mikrokosmos,makrokosmos,antonim
berdempetan,berenggangan,antonim
menenteramkan,memperunyam,antonim
kelambanan,kecekatan,antonim
terkatup,mengap,antonim
tamadun,manggak,antonim
melandai,mencuram,antonim
konotatif,denotatif,antonim
kepincangan,melemah,antonim
berleha-leha,berlelah-lelah,antonim
memiskinkan,mengayakan,antonim
memperbagus,memperburuk,antonim
singset,gembrot,antonim
kerenggangan,keeratan,antonim
menggunduli,menghutankan,antonim
kecongkakan,kerendahhatian,antonim
menidakkan,mengiyakan,antonim
meniarap,menelentang,antonim
menghunjamkan,menghunuskan,antonim
superskrip,subskrip,antonim
kesenyapan,kebisingan,antonim
mengiakan,membukankan,antonim
ketunggalan,keanekaan,antonim
pendamai,provakator,antonim
kerempeng,gembrot,antonim
rudin,kaya raya,antonim
sirep,murup,antonim
bersemuka,berpunggungan,antonim
bercerai-berai,bersatu-padu,antonim
bercerai-berai,bercampuran,antonim
menangkup,menelentang,antonim
sedikit-dikitnya,sebanyak-banyaknya,antonim
kedunguan,kecendekiaan,antonim
penatar,petatar,antonim
pengasahan,penumpulan,antonim
menelentangkan,menangkupkan,antonim
menelentangkan,meniarapkan,antonim
songong,sopan santun,antonim
